"adjective","prop_item_correct","gbooks_freq"
"able",0.851851851851852,-0.231
"abnormal",0.962962962962963,0.084
"abrasive",0.814814814814815,-0.23
"abrupt",0.726027397260274,-0.076
"absent-minded",0.842857142857143,NA
"abstemious",0.340659340659341,NA
"abstinent",0.802325581395349,NA
"abstract",0.746987951807229,-0.227
"abstruse",0.382716049382716,-0.232
"absurd",0.863636363636364,0.182
"abusive",0.957983193277311,-0.134
"academic",0.371794871794872,0.946
"acceptant",0.509433962264151,NA
"accepting",0.914634146341463,0.17
"accessible",0.91304347826087,-0.246
"accommodating",0.916666666666667,-0.183
"accomplished",0.925925925925926,0.744
"accountable",0.816091954022989,-0.055
"accurate",0.793478260869565,-0.233
"accusing",0.640449438202247,-0.17
"acerbic",0.375,NA
"acid",0.348484848484849,-0.15
"acquiescent",0.608695652173913,NA
"acquisitive",0.432203389830508,NA
"acrid",0.392857142857143,-0.23
"acrimonious",0.457142857142857,-0.244
"active",0.954022988505747,2.417
"adaptable",0.910112359550562,-0.212
"adaptive",0.961538461538462,0.022
"adjustable",0.932432432432432,-0.205
"admirable",0.942528735632184,0.085
"admonitory",0.512820512820513,NA
"adorable",0.885245901639344,-0.209
"adroit",0.333333333333333,-0.235
"adulatory",0.253164556962025,NA
"adulterous",0.94047619047619,-0.241
"adventurous",0.962025316455696,-0.157
"adversarial",0.85,-0.222
"aesthetic",0.835294117647059,0.25
"affable",0.657534246575342,-0.225
"affected",0.137931034482759,-0.238
"affectionate",0.945652173913043,0.022
"affirmative",0.901408450704225,-0.233
"afraid",0.909090909090909,1.617
"aggravating",0.935064935064935,-0.222
"aggressive",0.892857142857143,-0.236
"agitable",0.7375,NA
"agitated",0.777777777777778,-0.044
"agitative",0.81578947368421,NA
"agreeable",0.580645161290323,0.189
"aimful",0.835443037974684,NA
"aimless",0.914285714285714,-0.229
"airy",0.675,-0.162
"alarmable",0.888888888888889,NA
"alcoholic",1,-0.249
"alert",0.805970149253731,0.132
"alive",0.709677419354839,1.164
"alone",0.948051948051948,5.244
"aloof",0.82051282051282,-0.161
"altruistic",0.6875,-0.21
"amazing",0.853658536585366,0.17
"ambiguous",0.682926829268293,-0.002
"ambitious",0.935064935064935,0.111
"ambivalent",0.590909090909091,-0.176
"amenable",0.72463768115942,-0.171
"amiable",0.743589743589744,-0.053
"amicable",0.821917808219178,-0.222
"amorous",0.835294117647059,-0.211
"amusing",0.6125,0.018
"analytical",0.917647058823529,0.124
"anarchistic",0.915492957746479,NA
"anecdotal",0.7125,-0.213
"angelic",0.894117647058824,-0.178
"angry",0.839506172839506,-0.228
"animated",0.75609756097561,-0.249
"annoyed",0.939024390243902,-0.042
"annoying",1,-0.141
"antagonistic",0.714285714285714,-0.174
"antagonizing",0.909090909090909,NA
"anticipative",0.878048780487805,NA
"antisocial",0.552941176470588,-0.189
"anxious",0.936708860759494,-0.236
"apathetic",0.885057471264368,-0.232
"aphoristic",0.289156626506024,NA
"apolitical",0.782051282051282,-0.242
"apologetic",0.848484848484849,-0.202
"appealing",0.918604651162791,0.005
"appeasing",0.8125,NA
"appreciated",0.58974358974359,0.124
"appreciative",0.946808510638298,-0.188
"apprehensive",0.846153846153846,-0.185
"approachable",0.914285714285714,-0.244
"arbitrary",0.542857142857143,0.194
"arbitrative",0.671232876712329,NA
"ardent",0.522727272727273,-0.023
"argumentative",0.825581395348837,-0.218
"aristocratic",0.76271186440678,-0.071
"arrogant",0.904761904761905,-0.127
"artful",0.568181818181818,-0.206
"articulate",0.954545454545455,-0.038
"artificial",0.723404255319149,-0.155
"artistic",0.939759036144578,0.368
"artless",0.137931034482759,-0.232
"artsy",0.923076923076923,NA
"ascendant",0.428571428571429,-0.23
"ascetic",0.168421052631579,-0.18
"ashamed",0.931506849315068,0.22
"asocial",0.916666666666667,NA
"assertive",0.910112359550562,-0.185
"assiduous",0.152941176470588,-0.229
"assuming",0.452380952380952,-0.09
"assured",0.89873417721519,0.611
"assuring",0.858974358974359,-0.147
"astute",0.631578947368421,-0.191
"atheistic",0.977272727272727,-0.242
"athletic",0.94047619047619,-0.063
"attention-seeking",0.858974358974359,NA
"attentive",0.722222222222222,-0.066
"attractive",0.917808219178082,0.631
"audacious",0.768421052631579,-0.2
"austere",0.580246913580247,-0.179
"authentic",0.957894736842105,-0.234
"authoritarian",0.951612903225806,-0.117
"authoritative",0.674157303370786,-0.043
"autocratic",0.623376623376623,-0.211
"autonomous",0.761363636363636,0.009
"avaricious",0.482758620689655,-0.238
"average",0.931818181818182,0.096
"awake",0.835164835164835,-0.238
"aware",0.864864864864865,1.914
"aweless",0.573170731707317,NA
"awesome",0.929577464788732,-0.168
"awful",0.756756756756757,0.405
"awkward",0.857142857142857,0.071
"babyish",0.9625,NA
"backbiting",0.553398058252427,NA
"bad",0.987179487179487,-0.242
"baiting",0.768115942028985,-0.236
"baleful",0.25,-0.239
"balky",0.455555555555556,NA
"bashful",0.855670103092783,-0.234
"bearish",0.63953488372093,-0.249
"beautiful",0.884057971014493,-0.128
"bedraggled",0.677083333333333,-0.247
"believable",0.858823529411765,-0.231
"bellicose",0.333333333333333,-0.249
"belligerent",0.82051282051282,-0.19
"bendable",0.863636363636364,NA
"beneficent",0.666666666666667,-0.177
"benevolent",0.642857142857143,-0.072
"benign",0.7625,-0.073
"berating",0.911392405063291,-0.254
"bestial",0.833333333333333,-0.241
"bewildered",0.837837837837838,-0.082
"biased",0.9,-0.1
"big",0.158536585365854,-0.232
"big-headed",0.828571428571429,NA
"big-hearted",0.731958762886598,NA
"big-mouthed",0.791666666666667,NA
"bigoted",0.753424657534247,-0.232
"bilious",0.304878048780488,-0.243
"bitter",0.597826086956522,0.532
"bizarre",0.892156862745098,-0.121
"blaming",0.904761904761905,-0.178
"bland",0.885714285714286,-0.195
"blas√©",0.676056338028169,-0.254
"blasphemous",0.829268292682927,-0.225
"bleak",0.794871794871795,-0.249
"blind",0.989795918367347,-0.167
"blithe",0.341176470588235,-0.238
"blunt",0.976470588235294,-0.114
"blunt-witted",0.392857142857143,NA
"blustery",0.511627906976744,NA
"boastful",0.948453608247423,-0.239
"boastless",0.48780487804878,NA
"boisterous",0.88235294117647,-0.199
"bold",0.907692307692308,-0.252
"bombastic",0.458333333333333,-0.251
"bookish",0.864864864864865,-0.248
"boorish",0.6375,-0.253
"boozy",0.944444444444444,NA
"bored",0.858585858585859,-0.021
"boring",0.97752808988764,-0.07
"bossy",0.929411764705882,-0.25
"bountiful",0.726315789473684,-0.224
"bourgeois",0.597701149425287,-0.077
"boyish",0.974025974025974,-0.169
"bragging",0.8,-0.235
"brainless",0.907894736842105,-0.254
"brainy",0.956521739130435,NA
"brash",0.752577319587629,-0.242
"brave",0.972972972972973,-0.211
"brawling",0.879518072289157,-0.246
"brawlsome",0.86046511627907,NA
"brazen",0.925925925925926,-0.197
"breathless",0.896103896103896,-0.255
"breezy",0.595744680851064,-0.233
"bright",0.898989898989899,1.562
"bright-eyed",0.693333333333333,NA
"brilliant",0.823529411764706,-0.232
"brisk",0.777777777777778,-0.143
"bristling",0.47945205479452,-0.221
"bristly",0.560606060606061,-0.251
"broad-minded",0.790123456790123,NA
"broad-spoken",0.476190476190476,NA
"broken",0.351648351648352,2
"brooding",0.813333333333333,-0.165
"broody",0.638888888888889,NA
"brotherly",0.670454545454545,-0.209
"browbeating",0.72093023255814,NA
"brusque",0.525,-0.241
"brutal",0.959459459459459,0.024
"brutish",0.780487804878049,-0.239
"bubbly",0.626086956521739,-0.248
"buffoonish",0.875,NA
"bullheaded",0.9375,NA
"bullish",0.693333333333333,-0.245
"bullying",0.925,-0.247
"buoyant",0.636363636363636,-0.202
"buoying",0.506666666666667,NA
"bureaucratic",0.714285714285714,-0.249
"burned-out",0.945205479452055,NA
"businesslike",0.782051282051282,-0.232
"busy",0.904761904761905,0.921
"busyish",0.446601941747573,NA
"cagey",0.590909090909091,NA
"cajoling",0.607142857142857,NA
"calculable",0.209876543209877,NA
"calculating",0.709677419354839,-0.227
"callous",0.627906976744186,-0.213
"callow",0.247191011235955,NA
"calm",0.804878048780488,0.807
"calming",0.972222222222222,-0.206
"candid",0.785714285714286,-0.146
"canny",0.583333333333333,-0.244
"cantankerous",0.684931506849315,NA
"capable",0.880952380952381,1.337
"capricious",0.5,-0.185
"carefree",0.919540229885057,-0.23
"careful",0.865853658536585,-0.198
"careless",0.884057971014493,0.031
"careworn",0.522388059701492,NA
"caring",0.939759036144578,0.131
"casual",0.712962962962963,0.066
"catty",0.5625,NA
"caustic",0.658536585365854,-0.192
"cautionary",0.857142857142857,-0.23
"cautious",0.949367088607595,0.015
"cavalier",0.5,-0.238
"censorial",0.686746987951807,NA
"censorious",0.415584415584416,NA
"cerebral",0.630434782608696,-0.215
"ceremonious",0.642857142857143,-0.245
"certain",0.901408450704225,0.012
"challenging",0.852272727272727,0.238
"chameleonlike",0.794520547945205,NA
"changeable",0.821917808219178,-0.221
"changeless",0.659340659340659,-0.245
"charismatic",0.835164835164835,-0.17
"charitable",0.93939393939394,0.03
"charming",0.945054945054945,-0.233
"chaste",0.747126436781609,-0.185
"chattering",0.95,-0.181
"chatty",0.958333333333333,NA
"chauvinistic",0.793103448275862,NA
"cheap",0.951807228915663,0.298
"cheeky",0.442857142857143,NA
"cheerful",0.985915492957746,0.152
"cheerless",0.485714285714286,-0.231
"cheery",0.965116279069767,-0.193
"cheesy",0.578947368421053,NA
"cherubic",0.819277108433735,NA
"chic",0.904109589041096,-0.231
"childish",0.91566265060241,-0.065
"childlike",0.735632183908046,-0.19
"chipper",0.797619047619048,NA
"chitchatty",0.67741935483871,NA
"chivalrous",0.810526315789474,-0.209
"choosy",0.772727272727273,NA
"chubby",0.962962962962963,-0.231
"chummy",0.851351351351351,NA
"churlish",0.578947368421053,NA
"circumspect",0.432098765432099,-0.236
"civil",0.779220779220779,1.952
"civilized",0.802083333333333,0.065
"clairvoyant",0.842696629213483,-0.245
"clandestine",0.626506024096386,-0.189
"clannish",0.802469135802469,NA
"classy",1,-0.245
"clean",0.898876404494382,1.267
"clear-cut",0.891891891891892,NA
"clear-eyed",0.835294117647059,NA
"clear-sighted",0.904761904761905,NA
"clear-thinking",0.898550724637681,NA
"clearheaded",0.639344262295082,NA
"clever",0.860215053763441,0.246
"clinging",0.979166666666667,-0.078
"clingy",0.915492957746479,NA
"cliquish",0.860215053763441,NA
"close-fisted",0.657657657657658,NA
"close-mouthed",0.935064935064935,NA
"closed-minded",0.948051948051948,NA
"clownish",0.935897435897436,NA
"cloying",0.525252525252525,NA
"clubby",0.409090909090909,NA
"clumsy",0.957894736842105,-0.122
"coarse",0.508474576271186,0.155
"cocksure",0.795454545454545,NA
"cocky",0.93939393939394,-0.242
"coercing",0.87012987012987,NA
"coercive",0.88135593220339,-0.162
"cognitive",0.632183908045977,0.823
"coherent",0.617283950617284,0.013
"cold",0.795180722891566,0.259
"cold-blooded",0.35632183908046,NA
"cold-hearted",0.95,NA
"colorful",0.642857142857143,-0.13
"combative",0.941176470588235,-0.237
"comfortable",0.805194805194805,0.845
"comical",0.963855421686747,-0.197
"commandeering",0.771428571428571,NA
"commanding",0.897727272727273,0.1
"communicative",0.792452830188679,-0.246
"companionable",0.7875,-0.245
"compassionate",0.98780487804878,-0.139
"compassionless",0.850574712643678,NA
"compatible",0.938144329896907,0.026
"competent",0.916666666666667,0.219
"competitive",0.939024390243902,0.531
"competitory",0.875,NA
"complacent",0.289156626506024,-0.21
"complaining",0.810126582278481,-0.074
"complaisant",0.574712643678161,NA
"complex",0.945652173913043,2.69
"compliant",0.916666666666667,-0.19
"complicated",0.697674418604651,0.525
"complimentary",0.831325301204819,-0.193
"complying",0.927536231884058,-0.205
"composed",0.777777777777778,-0.245
"comprehensive",0.786666666666667,-0.15
"compulsive",0.923913043478261,-0.182
"comradely",0.816901408450704,NA
"concealing",0.988636363636364,-0.173
"conceding",0.59493670886076,-0.238
"conceited",0.88235294117647,-0.215
"conceitless",0.144736842105263,NA
"conceptual",0.819444444444444,-0.187
"concerned",0.623529411764706,2.116
"conciliatory",0.80327868852459,-0.207
"concise",0.851351351351351,-0.24
"condemning",0.818181818181818,-0.18
"condescending",0.6,-0.216
"confident",0.966666666666667,0.302
"conforming",0.9,-0.202
"confusable",0.844155844155844,NA
"confused",0.942857142857143,0.412
"confusing",0.714285714285714,-0.063
"congenial",0.602564102564103,-0.156
"conniving",0.905405405405405,NA
"conscienceless",0.778947368421053,NA
"conscientious",0.8,-0.114
"conservative",0.776470588235294,-0.075
"considerate",0.906976744186046,-0.182
"consistent",0.680851063829787,1.006
"consolatory",0.885416666666667,NA
"consoling",0.896551724137931,-0.219
"conspicuous",0.477272727272727,0.066
"conspiring",0.9375,-0.232
"constant",0.742424242424242,-0.147
"constrained",0.666666666666667,0.017
"constructive",0.790697674418605,-0.237
"contained",0.953488372093023,1.33
"contemplative",0.730434782608696,-0.193
"contemptuous",0.756756756756757,-0.175
"contented",0.94,-0.033
"contentious",0.623376623376623,-0.168
"contradictious",0.640449438202247,NA
"contradictory",0.717948717948718,0.017
"contrary",0.425287356321839,1.255
"contrary-minded",0.8125,NA
"controlled",0.492537313432836,-0.207
"controlling",0.860215053763441,-0.204
"controversial",0.469879518072289,0.097
"conventional",0.804123711340206,0.626
"conversational",0.901234567901235,-0.167
"convincing",0.875,0.047
"convivial",0.351851851851852,-0.24
"cool",0.72,-0.175
"cool-headed",0.831168831168831,NA
"cooperative",0.902439024390244,0.053
"coquettish",0.543478260869565,NA
"cordial",0.858823529411765,-0.099
"corrective",0.880952380952381,-0.148
"corrupt",0.873239436619718,0.063
"corruptible",0.894736842105263,NA
"cosmopolitan",0.580246913580247,-0.147
"counselable",0.621951219512195,NA
"courageous",0.938271604938272,-0.111
"courteous",0.965116279069767,-0.127
"courtly",0.783132530120482,-0.194
"covetous",0.822784810126582,-0.234
"cowardly",0.886075949367089,-0.156
"coy",0.644736842105263,-0.236
"crabby",0.765432098765432,NA
"crafty",0.7625,-0.203
"cranky",0.960526315789474,-0.242
"crass",0.830769230769231,-0.243
"craven",0.217948717948718,-0.219
"crazed",0.951807228915663,-0.22
"crazy",0.96078431372549,-0.2
"creative",0.93421052631579,-0.112
"credible",0.833333333333333,-0.088
"credulous",0.5,-0.221
"critical",0.860215053763441,2.484
"crooked",0.875,-0.114
"crotchety",0.556962025316456,NA
"crude",0.485981308411215,0.059
"cruel",0.788235294117647,-0.238
"crusading",0.571428571428571,-0.245
"cryptic",0.858823529411765,-0.223
"cultivated",0.701298701298701,0.21
"cultivating",0.780487804878049,-0.153
"cultured",0.93,-0.131
"cunning",0.650485436893204,-0.009
"curious",0.91578947368421,0.837
"curmudgeonly",0.425287356321839,NA
"cursed",0.58695652173913,-0.035
"curt",0.62,-0.237
"cute",0.910112359550562,-0.141
"cutthroat",0.910112359550562,NA
"cynical",0.142857142857143,-0.139
"daft",0.72,-0.244
"dainty",0.135135135135135,-0.149
"damaging",0.961038961038961,-0.094
"dangerous",0.93939393939394,1.262
"dapper",0.710843373493976,-0.247
"daring",0.91588785046729,-0.245
"dark",0.91358024691358,-0.249
"dastardly",0.625,-0.244
"dauntless",0.741176470588235,-0.238
"dawdling",0.855421686746988,-0.254
"debonair",0.78494623655914,-0.252
"deceitful",0.948979591836735,-0.203
"deceivable",0.699186991869919,NA
"decent",0.581395348837209,-0.254
"deceptive",0.969072164948454,-0.169
"decisive",0.805194805194805,0.125
"decorous",0.550724637681159,-0.234
"dedicated",0.875,-0.253
"deep",0.397260273972603,-0.252
"defenseless",0.958904109589041,-0.231
"defensive",0.804878048780488,-0.244
"deferential",0.417721518987342,-0.231
"defiant",0.973333333333333,-0.164
"definite",0.871794871794872,0.479
"deft",0.546666666666667,-0.231
"degrading",0.973333333333333,-0.152
"dejected",0.769230769230769,-0.213
"deliberate",0.422535211267606,0.127
"deliberative",0.705128205128205,-0.196
"delicate",0.932432432432432,0.514
"delighted",0.919540229885057,-0.25
"delightful",0.911111111111111,-0.253
"delinquent",0.829268292682927,-0.254
"delusional",0.938461538461538,-0.231
"demanding",0.930232558139535,0.157
"demeaning",0.880597014925373,-0.237
"democratic",0.867469879518072,0.735
"demonstrative",0.714285714285714,-0.206
"demure",0.693333333333333,-0.235
"denigrating",0.674418604651163,-0.254
"denouncing",0.717391304347826,-0.207
"dense",0.878048780487805,0.171
"dependable",0.916666666666667,-0.215
"dependent",0.966292134831461,1.209
"depraved",0.650602409638554,-0.204
"depressed",0.92,-0.245
"depressive",0.906976744186046,-0.249
"derisive",0.538461538461538,-0.241
"derogatory",0.506329113924051,-0.217
"designful",0.652777777777778,NA
"desirable",0.965909090909091,-0.253
"despairing",0.954022988505747,-0.18
"despondent",0.670454545454545,-0.229
"destructive",0.921052631578947,-0.249
"desultory",0.170454545454545,-0.224
"detached",0.494117647058824,0.012
"determined",0.648648648648649,-0.23
"devil-may-care",0.536842105263158,NA
"devilish",0.929411764705882,-0.209
"devious",0.802083333333333,-0.221
"devoted",0.948051948051948,-0.254
"devout",0.921348314606742,-0.095
"dewy",0.523255813953488,-0.228
"dictatorial",0.674418604651163,-0.228
"didactic",0.384615384615385,-0.189
"difficult",0.80952380952381,4.379
"diffident",0.297619047619048,-0.242
"dignified",0.767123287671233,-0.05
"digressive",0.602564102564103,NA
"diligent",0.633928571428571,-0.146
"dim",0.925,0.17
"diminishing",0.505882352941176,-0.106
"diplomatic",0.755813953488372,0.105
"direct",0.51219512195122,-0.25
"dirty",0.465753424657534,0.295
"disabled",0.965116279069767,0.055
"disagreeable",0.75609756097561,-0.044
"disappointed",0.873563218390805,0.221
"disapproving",0.833333333333333,-0.234
"disarming",0.544554455445545,-0.238
"discerning",0.540540540540541,-0.19
"disciplined",0.918604651162791,-0.11
"disclosing",0.835443037974684,-0.2
"discontented",0.914634146341463,-0.191
"discourageable",0.741573033707865,NA
"discouraged",0.975308641975309,-0.052
"discourteous",0.726190476190476,-0.253
"discreet",0.714285714285714,-0.152
"discriminating",0.436619718309859,-0.184
"discriminative",0.632911392405063,-0.246
"discursive",0.2,-0.251
"disdainful",0.702702702702703,-0.233
"disengaged",0.837209302325581,-0.21
"disgruntled",0.896551724137931,-0.226
"disguiseless",0.6,NA
"disgusted",0.606060606060606,-0.136
"disgusting",0.977011494252874,-0.157
"disheveled",0.797619047619048,-0.238
"dishonest",0.963855421686747,-0.165
"disillusioned",0.74025974025974,-0.218
"disingenuous",0.785714285714286,-0.242
"disinterested",0.895522388059702,-0.148
"disloyal",0.936708860759494,-0.225
"disobedient",0.900900900900901,-0.222
"disobliging",0.642857142857143,NA
"disorderly",0.761194029850746,-0.193
"disorganized",0.693333333333333,-0.209
"disparaging",0.548387096774194,-0.233
"dispassionate",0.630434782608696,-0.231
"disputatious",0.513157894736842,NA
"disregardful",0.675675675675676,NA
"disrespectful",0.954545454545455,-0.221
"disruptive",0.943820224719101,-0.158
"dissatisfied",0.951807228915663,-0.127
"dissensualized",0.315068493150685,NA
"dissocial",0.825581395348837,NA
"distant",0.816901408450704,1.059
"distinguished",0.837209302325581,-0.218
"distractible",0.891304347826087,NA
"distrustful",0.877777777777778,-0.236
"disturbed",0.657894736842105,-0.252
"dithering",0.5,NA
"divertible",0.844444444444444,NA
"divisive",0.662921348314607,-0.216
"divulging",0.730769230769231,NA
"dizzying",0.0412371134020619,-0.24
"docile",0.846153846153846,-0.207
"doctrinaire",0.451219512195122,-0.251
"doddering",0.428571428571429,NA
"dodgy",0.673913043478261,NA
"dogged",0.402597402597403,-0.206
"dogmatic",0.430379746835443,-0.17
"doleful",0.75,-0.231
"doltish",0.64,NA
"dominant",0.75,0.729
"domineering",0.884615384615385,-0.234
"dopey",0.8,NA
"doting",0.6484375,-0.246
"dotty",0.525,-0.25
"double-crossing",0.824324324324324,NA
"double-faced",0.839285714285714,NA
"double-tongued",0.666666666666667,NA
"doubting",0.933333333333333,-0.174
"dour",0.519480519480519,-0.244
"dowdy",0.6,-0.254
"down-to-earth",0.666666666666667,NA
"downtrodden",0.8125,-0.243
"dramatic",0.689189189189189,-0.209
"dreamy",0.836363636363636,-0.178
"dreary",0.922077922077922,-0.077
"dressy",0.925925925925926,NA
"droll",0.298701298701299,-0.226
"dubious",0.704545454545455,-0.13
"dull",0.5,0.386
"dull-witted",0.892307692307692,NA
"dumb",0.833333333333333,-0.245
"durable",0.926829268292683,-0.253
"dutiful",0.897435897435897,-0.211
"dynamic",0.43956043956044,-0.093
"eager",0.840909090909091,-0.239
"eagle-eyed",0.91566265060241,NA
"earnest",0.69047619047619,0.371
"earthly-minded",0.896551724137931,NA
"earthly-wise",0.585106382978723,NA
"earthy",0.40983606557377,-0.206
"easeless",0.698630136986301,NA
"easygoing",0.642857142857143,-0.246
"ebullient",0.449438202247191,-0.254
"eccentric",0.818181818181818,-0.253
"eclectic",0.513157894736842,-0.254
"economical",0.788235294117647,-0.255
"economizing",0.72093023255814,-0.256
"edgy",0.911764705882353,-0.24
"educable",0.76271186440678,NA
"educated",0.898550724637681,0.523
"effective",0.873563218390805,2.779
"effeminate",0.82716049382716,-0.222
"effervescent",0.727272727272727,-0.254
"efficient",0.80952380952381,-0.209
"effusive",0.32183908045977,-0.246
"egocentric",0.9375,-0.242
"egotistical",0.935483870967742,-0.241
"elderly",0.945205479452055,0.31
"elegant",0.901234567901235,0.142
"elfish",0.528735632183908,NA
"eloquent",0.770114942528736,-0.045
"elusive",0.666666666666667,-0.253
"emasculated",0.894117647058824,-0.253
"embarrassed",0.758241758241758,-0.254
"embarrassing",0.73,-0.11
"embellishing",0.833333333333333,-0.254
"embittered",0.792682926829268,-0.221
"embracing",0.845238095238095,-0.246
"emergent",0.85,-0.123
"emotional",0.864583333333333,1.194
"emotionless",0.971428571428571,-0.253
"empathetic",0.917647058823529,-0.239
"empathic",0.821052631578947,-0.233
"emphatic",0.357142857142857,-0.151
"empirical",0.666666666666667,-0.154
"employed",0.773809523809524,-0.238
"empowering",0.524390243902439,-0.183
"encouraged",0.84375,0.666
"encouraging",0.634782608695652,0.204
"encumbered",0.743589743589744,-0.222
"encyclopedic",0.605263157894737,-0.246
"energetic",0.901234567901235,-0.253
"engaging",0.614457831325301,0.153
"enigmatic",0.625,-0.209
"enlightened",0.844444444444444,0.025
"enterprising",0.790697674418605,-0.178
"entertaining",0.916666666666667,-0.049
"enthusiastic",0.942528735632184,0.069
"envious",0.923076923076923,-0.181
"equalitarian",0.970149253731343,NA
"equitable",0.704545454545455,-0.242
"equivocal",0.26,-0.213
"equivocating",0.258426966292135,NA
"erotic",0.95,-0.118
"erratic",0.702380952380952,-0.186
"erudite",0.564102564102564,-0.235
"esoteric",0.556962025316456,-0.254
"ethereal",0.6,-0.196
"ethical",0.923076923076923,0.665
"ethnocentric",0.686046511627907,-0.246
"evangelistic",0.72289156626506,-0.237
"evasive",0.9,-0.224
"even-handed",0.792682926829268,NA
"evil",0.932584269662921,-0.1
"exact",0.928571428571429,0.773
"exacting",0.671875,-0.178
"exaggerative",0.923913043478261,NA
"exasperated",0.779220779220779,-0.18
"excellent",0.855263157894737,-0.163
"exceptional",0.728260869565217,0.1
"excessive",0.715596330275229,0.36
"excitable",0.887640449438202,-0.227
"excited",0.896103896103896,-0.248
"exciting",0.893617021276596,0.231
"exclusive",0.796875,0.381
"exhausted",0.976744186046512,-0.247
"exhaustible",0.934065934065934,NA
"exhaustive",0.520833333333333,-0.13
"exhibitionistic",0.868131868131868,NA
"expansive",0.91304347826087,-0.152
"expectant",0.816091954022989,-0.198
"expedient",0.118421052631579,-0.066
"expeditious",0.670588235294118,-0.241
"experienced",0.9,-0.238
"experiential",0.682352941176471,-0.249
"experimenting",0.795698924731183,-0.189
"explicit",0.532608695652174,-0.232
"exploitative",0.816666666666667,-0.231
"explosive",0.915492957746479,-0.07
"expressive",0.865853658536585,-0.248
"extraordinary",0.896551724137931,0.785
"extravagant",0.89873417721519,-0.073
"extraverted",0.842105263157895,NA
"extreme",0.722222222222222,1.146
"extroverted",0.920454545454545,-0.256
"facetious",0.35632183908046,-0.239
"factious",0.26865671641791,-0.244
"faint-hearted",0.641975308641975,NA
"fair",0.8375,2.38
"fair-minded",0.851851851851852,NA
"fair-natured",0.759493670886076,NA
"faithful",0.848837209302326,0.673
"faithless",0.620689655172414,-0.217
"fake",0.933333333333333,-0.105
"false",0.829268292682927,-0.081
"false-hearted",0.6625,NA
"faltering",0.810810810810811,-0.216
"familiar",0.988095238095238,1.615
"famous",0.915492957746479,-0.204
"fanatical",0.670103092783505,-0.199
"fanciful",0.657894736842105,-0.168
"fancy",0.891566265060241,0.649
"fancy-free",0.735632183908046,NA
"fantastical",0.784810126582278,-0.241
"farseeing",0.882978723404255,NA
"fascinating",0.8625,0.041
"fashionable",0.875,0.004
"fastidious",0.544117647058823,-0.21
"fat",0.951219512195122,-0.142
"fatalistic",0.421052631578947,-0.247
"fatherly",0.852941176470588,-0.225
"fatigueless",0.84,NA
"fatuous",0.3125,-0.247
"faultfinding",0.717647058823529,NA
"fawning",0.577464788732394,-0.245
"fearful",0.678571428571429,0.18
"fearless",0.897435897435897,-0.153
"feckless",0.494623655913978,NA
"feeble-minded",0.830769230769231,NA
"feelingful",0.539325842696629,NA
"feelingless",0.811764705882353,NA
"felicitous",0.421052631578947,-0.239
"felonious",0.613333333333333,NA
"feminine",0.958333333333333,0.142
"ferocious",0.961038961038961,-0.156
"fervent",0.616438356164384,-0.145
"festive",0.938271604938272,-0.188
"fickle",0.80952380952381,-0.213
"fidgety",0.911111111111111,-0.249
"fiendish",0.354838709677419,-0.237
"fierce",0.831325301204819,0.29
"fiery",0.941860465116279,-0.005
"filthy",0.951807228915663,-0.122
"fine",0.560975609756098,3.38
"finicky",0.813953488372093,NA
"firm",0.75,2.138
"fishy",0.571428571428571,-0.245
"flaky",0.623376623376623,NA
"flamboyant",0.902439024390244,-0.231
"flammable",0.948717948717949,-0.242
"flashy",0.906666666666667,-0.238
"flatterable",0.898305084745763,NA
"flattering",0.567307692307692,-0.139
"flaunty",0.835051546391753,NA
"flawless",0.955555555555556,-0.226
"flexible",0.911111111111111,0.243
"flighty",0.473684210526316,-0.249
"flinching",0.963414634146341,-0.245
"flippant",0.569444444444444,-0.239
"flirtatious",0.931034482758621,-0.249
"florid",0.513157894736842,-0.222
"fluid",0.684931506849315,-0.192
"fluttery",0.555555555555556,NA
"folksy",0.647058823529412,NA
"foolhardy",0.626666666666667,-0.241
"foolish",0.896551724137931,0.29
"footloose",0.712871287128713,NA
"foppish",0.430555555555556,NA
"forbearing",0.313253012048193,-0.248
"forceful",0.655172413793103,-0.173
"forceless",0.706666666666667,NA
"forcible",0.844155844155844,-0.177
"foresighted",0.911111111111111,NA
"foresightless",0.805555555555556,NA
"forethoughtful",0.802631578947368,NA
"forgetful",0.656565656565657,-0.212
"forgiving",0.911392405063291,-0.177
"forlorn",0.698795180722892,-0.151
"formal",0.64,1.36
"forthcoming",0.727272727272727,-0.036
"forthright",0.53,-0.237
"fortunate",0.957142857142857,0.189
"forward",0.741573033707865,-0.125
"forward-looking",0.904255319148936,NA
"foul-mouthed",0.951219512195122,NA
"foxy",0.673913043478261,NA
"fractious",0.4,-0.247
"fragile",0.971428571428571,-0.041
"frank",0.896551724137931,-0.042
"fraternal",0.951219512195122,-0.198
"fraudulent",0.857142857142857,-0.148
"free",0.635416666666667,-0.214
"free-living",0.688311688311688,NA
"free-minded",0.698630136986301,NA
"free-thinking",0.882978723404255,NA
"frenetic",0.681818181818182,-0.247
"frenzied",0.8,-0.21
"fretful",0.765432098765432,-0.236
"fretless",0.72972972972973,NA
"fretting",0.674698795180723,-0.23
"friendly",0.935483870967742,0.796
"frightenable",0.924731182795699,NA
"frightened",0.931818181818182,0.326
"frightening",0.8625,-0.12
"frigid",0.960526315789474,-0.216
"frisky",0.797872340425532,NA
"frivolous",0.67032967032967,-0.154
"frolicsome",0.734177215189873,NA
"frugal",0.967032967032967,-0.215
"frustrated",0.75,-0.244
"frustrating",0.703703703703704,-0.169
"fumbling",0.89873417721519,-0.223
"funny",0.941176470588235,0.245
"furious",0.960526315789474,-0.249
"fussy",0.645569620253165,-0.234
"gabby",0.894736842105263,-0.25
"gallant",0.7625,-0.248
"garish",0.744186046511628,-0.243
"garrulous",0.385714285714286,-0.243
"gauche",0.458333333333333,-0.253
"gaudy",0.91566265060241,-0.209
"generative",0.576470588235294,-0.199
"generous",0.591397849462366,0.456
"genial",0.646153846153846,-0.124
"genteel",0.533333333333333,-0.2
"gentle",0.803030303030303,0.689
"gentle-minded",0.411764705882353,NA
"gentlemanlike",0.987012987012987,NA
"genuine",0.916666666666667,-0.239
"giddy",0.253012048192771,-0.196
"gifted",0.9,-0.234
"giggly",0.930555555555556,NA
"girlish",0.960526315789474,-0.215
"giving",0.810126582278481,3.005
"glad",0.909090909090909,-0.202
"glamorous",0.616279069767442,-0.215
"gleeful",0.942528735632184,-0.249
"glib",0.541176470588235,-0.245
"gloating",0.69620253164557,-0.248
"gloomy",0.947368421052632,0.041
"glum",0.881720430107527,-0.244
"gluttonous",0.973684210526316,NA
"goading",0.682926829268293,NA
"goatish",0.0705882352941176,NA
"god-fearing",0.959183673469388,NA
"godless",0.875,-0.233
"good",0.55,1.76
"good-for-nothing",0.822784810126582,NA
"good-hearted",0.945205479452055,NA
"good-humored",0.813186813186813,NA
"good-looking",0.988636363636364,NA
"good-natured",0.975903614457831,NA
"good-tempered",0.852631578947368,NA
"gorgeous",0.956521739130435,-0.052
"gossipy",0.946666666666667,NA
"gourmet",0.914634146341463,-0.236
"grabby",0.784810126582278,NA
"graceful",0.634146341463415,0.061
"graceless",0.658227848101266,-0.25
"gracious",0.853333333333333,0.055
"grand",0.876543209876543,0.53
"grandfatherly",0.780487804878049,NA
"grandiloquent",0.557894736842105,NA
"grandiose",0.670731707317073,-0.22
"grandmotherly",0.817073170731707,NA
"grateful",0.97752808988764,0.446
"grave",0.686868686868687,1.022
"greasy",0.96969696969697,-0.18
"great",0.76,19.286
"great-hearted",0.846153846153846,NA
"greedy",0.925925925925926,-0.126
"gregarious",0.646341463414634,-0.235
"gritty",0.461538461538462,-0.229
"grouchy",0.916666666666667,NA
"grousing",0.505747126436782,NA
"groveling",0.670886075949367,NA
"grudging",0.461538461538462,-0.238
"gruff",0.837837837837838,-0.224
"grumbly",0.807228915662651,NA
"grumpy",0.962025316455696,-0.244
"guarded",0.819047619047619,0.032
"guileless",0.506849315068493,-0.241
"guilt-free",0.89873417721519,NA
"guiltless",0.755813953488372,-0.238
"guilty",0.903225806451613,0.711
"gullible",0.96551724137931,-0.243
"gushy",0.769230769230769,NA
"gutless",0.773809523809524,NA
"gutsy",0.81578947368421,NA
"habitual",0.865671641791045,-0.254
"halfhearted",0.782051282051282,-0.253
"halfwitted",0.866666666666667,NA
"handicapped",0.960526315789474,-0.25
"handsome",0.95,0.515
"handy",0.725,-0.232
"haphazard",0.576923076923077,-0.213
"hapless",0.714285714285714,-0.204
"happy",0.925925925925926,-0.056
"happy-go-lucky",0.846153846153846,NA
"harassing",0.622448979591837,-0.219
"hard",0.470588235294118,-0.25
"hard-hearted",0.367088607594937,NA
"hard-nosed",0.619565217391304,NA
"hard-shelled",0.519480519480519,NA
"hardened",0.616438356164384,-0.056
"hardheaded",0.688311688311688,NA
"hardworking",0.916666666666667,-0.228
"hardy",0.773809523809524,-0.118
"harebrained",0.651685393258427,NA
"harmless",0.89010989010989,-0.257
"harsh",0.811764705882353,-0.248
"hasty",0.923076923076923,-0.255
"hateful",0.839506172839506,-0.158
"haughty",0.68,-0.132
"headlong",0.366666666666667,-0.162
"headstrong",0.911111111111111,-0.237
"healthful",0.792207792207792,-0.196
"healthy",0.948051948051948,0.859
"heartbroken",0.887323943661972,-0.242
"heartless",0.909090909090909,-0.193
"heartsick",0.775,-0.257
"hearty",0.459770114942529,-0.032
"heavy-handed",0.623376623376623,NA
"hectic",0.840909090909091,-0.219
"heedful",0.823529411764706,NA
"heedless",0.701923076923077,-0.217
"helpful",0.9375,-0.243
"helpless",0.884615384615385,0.125
"heretical",0.364406779661017,-0.204
"hermitish",0.840579710144927,NA
"heroic",0.91566265060241,-0.241
"hesitant",0.89873417721519,-0.196
"hidebound",0.177215189873418,NA
"high-handed",0.376623376623377,NA
"high-minded",0.739130434782609,NA
"high-principled",0.8125,NA
"high-spirited",0.694736842105263,NA
"high-strung",0.793650793650794,NA
"highbrow",0.607594936708861,-0.254
"highfalutin",0.727272727272727,NA
"hilarious",0.823529411764706,-0.221
"histrionic",0.297297297297297,-0.246
"hit-or-miss",0.609375,NA
"hoggish",0.708860759493671,NA
"holier-than-thou",0.817204301075269,NA
"holy",0.918604651162791,1.062
"homeless",0.98019801980198,-0.242
"homespun",0.43298969072165,-0.241
"homicidal",0.94,-0.247
"honest",0.925531914893617,0.883
"honorable",0.926315789473684,-0.032
"hopeful",0.831460674157303,-0.063
"hopeless",0.878787878787879,0.052
"hospitable",0.962025316455696,-0.147
"hostile",0.804878048780488,0.311
"hot-blooded",0.851851851851852,NA
"hot-tempered",0.976470588235294,NA
"hotheaded",0.924050632911392,NA
"humane",0.924050632911392,-0.11
"humanistic",0.901408450704225,-0.206
"humanitarian",0.771653543307087,-0.055
"humble",0.88,0.377
"humiliated",0.8625,-0.184
"humiliating",0.955882352941177,-0.153
"humorless",0.864197530864197,-0.256
"humorous",0.948453608247423,-0.257
"hungry",0.727272727272727,0.364
"hurtful",0.941176470588235,-0.204
"hygienic",0.954545454545455,-0.227
"hypercritical",0.880597014925373,NA
"hypersensitive",0.68,-0.251
"hypersensual",0.776315789473684,NA
"hypochondriac",0.870588235294118,-0.254
"hypocritical",0.452054794520548,-0.211
"hysterical",0.863636363636364,-0.158
"iconoclastic",0.260869565217391,-0.247
"icy",0.865853658536585,-0.102
"idealistic",0.717948717948718,-0.2
"ideological",0.844155844155844,-0.24
"idiotic",0.933333333333333,-0.225
"idle",0.592592592592593,-0.238
"idolatrous",0.818181818181818,-0.223
"ignorant",0.929411764705882,-0.25
"ill-bred",0.829268292682927,NA
"ill-fated",0.986301369863014,NA
"ill-humored",0.538461538461538,NA
"ill-mannered",0.833333333333333,NA
"ill-natured",0.7625,NA
"ill-tempered",0.862068965517241,NA
"ill-willed",0.708860759493671,NA
"illiterate",0.91566265060241,-0.171
"illogical",0.863636363636364,-0.212
"imaginative",0.956989247311828,-0.036
"imitative",0.865853658536585,-0.222
"immaculate",0.608108108108108,-0.211
"immature",1,-0.162
"immoderate",0.505882352941176,-0.245
"immodest",0.433333333333333,-0.251
"immoral",0.897727272727273,-0.115
"immovable",0.813333333333333,-0.193
"impaired",0.756410256410256,-0.231
"impartial",0.833333333333333,-0.112
"impassioned",0.756410256410256,-0.192
"impassive",0.536585365853659,-0.224
"impatient",0.91,0.027
"imperceptive",0.788235294117647,NA
"impersonal",0.633802816901408,-0.143
"impertinent",0.423913043478261,-0.202
"imperturbable",0.45,-0.24
"impetuous",0.574712643678161,-0.19
"impious",0.494505494505495,-0.21
"impish",0.74025974025974,-0.251
"implacable",0.459770114942529,-0.207
"impolite",0.987341772151899,-0.246
"impolitic",0.151162790697674,-0.248
"important",0.755102040816326,11.036
"imposing",0.677777777777778,0.053
"impractical",0.869565217391304,-0.203
"imprecise",0.705882352941177,-0.23
"impressible",0.752577319587629,NA
"impressionable",0.8625,-0.237
"impressive",0.851351351351351,0.181
"improper",0.857142857142857,-0.055
"improvident",0.48,-0.248
"improvising",0.795698924731183,-0.248
"imprudent",0.523255813953488,-0.214
"impudent",0.517241379310345,-0.209
"impulsive",0.911111111111111,-0.161
"inaccessible",0.91566265060241,-0.147
"inaccurate",0.921052631578947,-0.14
"inactive",0.63013698630137,-0.142
"inaggressive",0.707317073170732,NA
"inane",0.689655172413793,-0.245
"inarticulate",0.867924528301887,-0.223
"inattentive",0.783783783783784,-0.237
"incapable",0.918918918918919,0.103
"incautious",0.435294117647059,NA
"incendiary",0.614457831325301,-0.232
"incisive",0.657894736842105,-0.231
"incoercible",0.392857142857143,NA
"incoherent",0.86734693877551,-0.186
"incompetent",0.763888888888889,-0.149
"incompliant",0.532467532467532,NA
"inconfident",0.833333333333333,NA
"inconfinable",0.814814814814815,NA
"incongenial",0.636363636363636,NA
"inconsiderate",0.928571428571429,-0.236
"inconsistent",0.906976744186046,0.076
"inconsolable",0.679611650485437,-0.246
"inconstant",0.816091954022989,-0.245
"incontrollable",0.86046511627907,NA
"inconvincible",0.939759036144578,NA
"incorrigible",0.7,-0.234
"incorrupt",0.818181818181818,NA
"incorruptible",0.787878787878788,-0.234
"incredulous",0.690140845070423,-0.203
"incurious",0.704545454545455,NA
"indecent",0.776470588235294,-0.203
"indecisive",1,-0.243
"indefatigable",0.607594936708861,-0.204
"indefinite",0.719101123595506,-0.08
"indeliberate",0.571428571428571,NA
"indelicate",0.681818181818182,-0.25
"independent",0.706766917293233,0.041
"indestructible",0.975,-0.226
"indifferent",0.839506172839506,0.126
"indignant",0.435897435897436,-0.097
"indirect",0.695121951219512,-0.195
"indiscreet",0.380434782608696,-0.229
"indivertible",0.797872340425532,NA
"individualistic",0.841121495327103,-0.194
"indocile",0.339130434782609,NA
"indolent",0.565217391304348,-0.201
"indomitable",0.777777777777778,-0.211
"indulgent",0.391304347826087,-0.183
"industrious",0.734939759036145,-0.129
"inefficient",0.946808510638298,-0.132
"inelegant",0.728395061728395,NA
"ineloquent",0.868131868131868,NA
"inert",0.594202898550725,-0.161
"inexact",0.928571428571429,-0.248
"inexcitable",0.710843373493976,NA
"inexhaustible",0.63963963963964,-0.183
"inexperienced",0.977011494252874,-0.152
"inexplicit",0.682926829268293,NA
"inexpressive",0.864864864864865,NA
"infantile",0.880952380952381,-0.204
"inflammatory",0.591397849462366,0.028
"inflexible",0.883116883116883,-0.191
"influential",0.8,0.247
"informal",0.848837209302326,0.264
"informative",0.957142857142857,-0.155
"informed",0.628865979381443,1.167
"ingenious",0.827956989247312,-0.054
"ingenuous",0.202380952380952,-0.226
"ingratiating",0.258823529411765,-0.25
"ingratiatory",0.25,NA
"inharmonious",0.5,NA
"inhibited",0.6,-0.172
"inhospitable",0.883116883116883,-0.226
"inhuman",0.887640449438202,-0.173
"inhumane",0.679012345679012,-0.241
"inirritable",0.506024096385542,NA
"initiating",0.851851851851852,-0.155
"injudicious",0.466666666666667,-0.238
"innocent",0.923913043478261,-0.188
"innovative",0.901234567901235,0.094
"inoffensive",0.804597701149425,-0.234
"inquiring",0.841269841269841,-0.142
"inquisitive",0.875,-0.193
"inquisitorial",0.778947368421053,-0.247
"insane",0.930232558139535,-0.248
"insatiable",0.880597014925373,-0.203
"insecure",0.867469879518072,-0.169
"insensate",0.621212121212121,NA
"insensitive",0.86764705882353,-0.195
"insensuous",0.346666666666667,NA
"insightful",0.776315789473684,-0.188
"insincere",0.858974358974359,-0.234
"insinuating",0.7375,-0.233
"insistent",0.432098765432099,-0.177
"insolent",0.705128205128205,-0.174
"inspirational",0.858974358974359,-0.213
"inspired",0.692307692307692,-0.218
"instructible",0.790123456790123,NA
"insubordinate",0.848484848484849,NA
"insulting",0.858695652173913,-0.169
"insuppressible",0.831460674157303,NA
"intellectual",0.833333333333333,-0.098
"intelligent",0.441558441558442,-0.187
"intemperate",0.298701298701299,-0.232
"intense",0.822784810126582,0.708
"interested",0.866666666666667,1.679
"interesting",0.829268292682927,-0.207
"interfering",0.926829268292683,-0.129
"intimate",0.818181818181818,0.417
"intimidating",0.877777777777778,-0.204
"intolerant",0.821052631578947,-0.208
"intransigent",0.367088607594937,NA
"intrepid",0.368421052631579,-0.217
"intricate",0.835443037974684,-0.088
"introspective",0.927710843373494,-0.232
"introverted",0.888888888888889,-0.248
"intrusive",0.635416666666667,-0.185
"intuiting",0.761194029850746,NA
"intuitive",0.916666666666667,-0.061
"invalidating",0.717391304347826,NA
"invariable",0.857142857142857,-0.194
"inventive",0.897727272727273,-0.193
"invidious",0.426966292134831,-0.233
"invincible",0.875,-0.179
"inviting",0.818181818181818,-0.026
"involved",0.528089887640449,3.281
"inward",0.730769230769231,0.096
"irascible",0.338461538461538,-0.244
"iron-hearted",0.701298701298701,NA
"ironical",0.704545454545455,-0.224
"irrational",0.857142857142857,-0.081
"irreformable",0.841463414634146,NA
"irreligious",0.753246753246753,-0.238
"irrepressible",0.628571428571429,-0.221
"irresolute",0.670212765957447,-0.238
"irresponsible",0.697368421052632,-0.166
"irrestrainable",0.833333333333333,NA
"irreverent",0.56,-0.228
"irritable",0.96875,-0.173
"irritated",0.943820224719101,-0.107
"irritating",0.756756756756757,-0.17
"jabbering",0.94,-0.252
"jaded",0.75,-0.229
"jaunty",0.518987341772152,-0.241
"jazzy",0.807692307692308,NA
"jealous",0.888888888888889,-0.251
"jeering",0.646341463414634,-0.244
"jocular",0.637362637362637,-0.246
"jolly",1,-0.218
"jovial",0.826666666666667,-0.213
"joyful",0.94047619047619,-0.102
"joyless",0.794117647058823,-0.249
"joyous",0.932432432432432,-0.084
"judgmental",0.902173913043478,-0.229
"judicious",0.688311688311688,-0.13
"jumpy",0.91,-0.25
"just",0.829268292682927,2.322
"juvenile",1,-0.026
"keen",0.436781609195402,-0.231
"kind",0.883720930232558,-0.254
"kindhearted",0.873239436619718,-0.255
"kindly",0.825581395348837,0.379
"kingly",0.824742268041237,-0.259
"kinky",0.91304347826087,-0.252
"kittenish",0.435897435897436,NA
"knavish",0.231707317073171,-0.257
"know-it-all",0.972222222222222,NA
"knowledgeable",1,-0.259
"labile",0.25,-0.247
"lachrymose",0.348837209302326,NA
"lackadaisical",0.694736842105263,NA
"lackluster",0.904109589041096,NA
"laconic",0.24390243902439,-0.241
"ladylike",0.436781609195402,-0.249
"laid-back",0.987012987012987,NA
"lamblike",0.829787234042553,NA
"languid",0.337349397590361,-0.189
"larcenous",0.777777777777778,NA
"lascivious",0.768292682926829,-0.245
"laughing",0.611111111111111,0.568
"laughterless",0.201923076923077,NA
"lavish",0.703125,-0.15
"law-abiding",0.911764705882353,NA
"lawless",0.864864864864865,-0.243
"lax",0.785714285714286,-0.208
"lazy",0.974358974358974,-0.029
"leadable",0.771428571428571,NA
"learned",0.857142857142857,2.764
"lecherous",0.425,NA
"lecturing",0.634146341463415,-0.208
"leering",0.87012987012987,-0.247
"left-handed",0.943181818181818,NA
"legalistic",0.726190476190476,-0.243
"leisureless",0.46875,NA
"leisurely",0.8,-0.147
"lenient",0.792207792207792,-0.219
"lethargic",0.642276422764228,-0.241
"levelheaded",0.9375,NA
"lewd",0.903614457831325,-0.237
"liberal",0.5,0.769
"liberated",0.946236559139785,-0.113
"libidinous",0.714285714285714,NA
"licentious",0.539325842696629,-0.225
"life-weary",0.863636363636364,NA
"lifeless",0.8875,-0.145
"lighthearted",0.880952380952381,-0.244
"likeable",0.773333333333333,-0.25
"lily-livered",0.549295774647887,NA
"lion-hearted",0.975,NA
"listless",0.720430107526882,-0.219
"literal",0.717647058823529,0.051
"literary",0.926315789473684,0
"literate",0.894736842105263,-0.175
"little",0.28735632183908,20.046
"live",0.717391304347826,-0.043
"lively",0.97029702970297,-0.249
"logical",0.883116883116883,-0.2
"lonely",0.883720930232558,0.282
"lonesome",0.987341772151899,-0.212
"long-suffering",0.855421686746988,NA
"long-winded",0.855555555555556,NA
"longing",0.6875,-0.251
"loony",0.897727272727273,NA
"loopy",0.693877551020408,NA
"loose",0.876543209876543,-0.224
"loose-tongued",0.876712328767123,NA
"loquacious",0.421052631578947,-0.249
"lordly",0.5,-0.227
"loud",0.954545454545455,-0.223
"loudmouthed",0.767123287671233,NA
"loutish",0.295918367346939,NA
"lovable",0.902777777777778,-0.217
"loveless",0.842105263157895,-0.25
"lovely",0.942528735632184,-0.227
"loving",0.98876404494382,-0.213
"low-key",0.770833333333333,NA
"lowbrow",0.5,NA
"loyal",0.88421052631579,0.17
"lucid",0.595238095238095,-0.19
"luckless",0.847222222222222,-0.237
"lucky",0.878378378378378,-0.171
"lugubrious",0.147727272727273,-0.247
"lukewarm",0.493506493506494,-0.218
"lustful",0.962025316455696,-0.243
"lustless",0.460526315789474,NA
"lusty",0.186813186813187,-0.226
"luxurious",0.726027397260274,-0.116
"lyrical",0.0617283950617284,-0.197
"macabre",0.705128205128205,-0.245
"mad",0.816901408450704,0.532
"magisterial",0.311320754716981,-0.241
"magnanimous",0.324675324675325,-0.221
"magnetic",0.974358974358974,0.437
"maladjusted",0.779220779220779,NA
"maladroit",0.158536585365854,NA
"malcontented",0.546511627906977,NA
"malevolent",0.927083333333333,-0.22
"malicious",0.978021978021978,-0.11
"malingering",0.5,-0.246
"malleable",0.866666666666667,-0.223
"maniacal",0.633333333333333,-0.251
"manipulable",0.947368421052632,NA
"manipulative",0.830769230769231,-0.216
"manly",0.959459459459459,-0.061
"mannerless",0.863013698630137,NA
"mannerly",0.7375,NA
"mannish",0.879518072289157,NA
"many-sided",0.75,NA
"masculine",0.93421052631579,-0.248
"masochistic",0.693333333333333,-0.251
"matchmaking",0.959459459459459,-0.253
"materialistic",0.645833333333333,-0.204
"maternal",0.986666666666667,0.095
"mathematical",0.65625,0.285
"matriarchal",0.936842105263158,-0.254
"matronly",0.740740740740741,-0.252
"matter-of-fact",0.609756097560976,NA
"mature",0.973333333333333,-0.234
"maudlin",0.3625,-0.247
"mawkish",0.340909090909091,NA
"mean",0.808823529411765,5.801
"mean-spirited",0.714285714285714,NA
"meandering",0.797619047619048,-0.231
"mechanistic",0.797752808988764,-0.206
"meddlesome",0.89041095890411,-0.253
"meddling",0.918918918918919,-0.218
"meditative",0.644736842105263,-0.207
"meek",0.511111111111111,-0.161
"megalomaniacal",0.705128205128205,NA
"melancholic",0.752808988764045,-0.241
"melancholy",0.866666666666667,0.177
"mellow",0.696629213483146,-0.188
"melodramatic",0.89010989010989,-0.228
"menacing",0.851351351351351,-0.176
"mendacious",0.182926829268293,NA
"mendicant",0.253731343283582,-0.241
"mentoring",0.979591836734694,-0.243
"mercenary",0.347826086956522,-0.195
"merciful",0.858974358974359,-0.1
"merciless",0.85,-0.192
"mercurial",0.301075268817204,-0.237
"merry",0.975308641975309,0.066
"messy",0.987179487179487,-0.189
"methodical",0.816901408450704,-0.204
"meticulous",0.911111111111111,-0.206
"middle-aged",0.941860465116279,NA
"middle-class",0.967032967032967,NA
"mild",0.602409638554217,-0.219
"mild-hearted",0.769230769230769,NA
"militant",0.802197802197802,-0.247
"militaristic",0.845238095238095,-0.246
"mindful",0.826086956521739,-0.16
"minimizing",0.675324675324675,-0.251
"ministerial",0.768292682926829,-0.155
"ministrative",0.546511627906977,NA
"mirthful",0.5875,-0.25
"mirthless",0.5,NA
"misanthropic",0.448717948717949,NA
"mischievous",0.739130434782609,-0.138
"miserable",0.808080808080808,-0.251
"miserly",0.571428571428571,-0.249
"misleadable",0.622222222222222,NA
"mistrustful",0.934065934065934,NA
"mocking",0.919540229885057,-0.147
"moderate",0.865671641791045,0.468
"modern",0.942857142857143,3.51
"modest",0.907894736842105,-0.247
"moldable",0.666666666666667,NA
"money-grubbing",0.821428571428571,NA
"monkish",0.304878048780488,-0.247
"monosyllabic",0.755813953488372,-0.25
"monotonous",0.825,-0.136
"moody",0.892857142857143,-0.221
"moony",0.295774647887324,NA
"moping",0.819672131147541,-0.251
"moral",0.878048780487805,-0.246
"moralistic",0.5,-0.244
"moralizing",0.4875,-0.244
"morbid",0.78021978021978,-0.124
"moronic",0.892156862745098,NA
"morose",0.681818181818182,-0.231
"mothering",0.919540229885057,-0.23
"motherly",0.956521739130435,-0.22
"motley",0.527027027027027,-0.24
"mousy",0.761363636363636,NA
"mouthy",0.920454545454545,NA
"muddle-headed",0.802631578947368,NA
"mulish",0.439024390243902,NA
"mumbling",0.941860465116279,-0.231
"mundane",0.924731182795699,-0.147
"munificent",0.428571428571429,-0.245
"murderous",0.977272727272727,-0.154
"muscular",0.977011494252874,0.052
"mushy",0.794871794871795,-0.25
"musical",0.953488372093023,0.692
"mussy",0.507462686567164,NA
"mutinous",0.659090909090909,-0.239
"mysterious",0.963414634146341,0.398
"mystical",0.8375,-0.04
"nagging",1,-0.217
"naive",0.852272727272727,-0.22
"namby-pamby",0.39,NA
"narrow",0.37037037037037,1.335
"narrow-minded",0.839080459770115,NA
"nasty",0.753086419753086,-0.078
"nationalistic",0.935897435897436,-0.217
"natural",0.560975609756098,-0.233
"naughty",0.873563218390805,-0.255
"neat",0.944444444444444,-0.253
"needy",0.736434108527132,-0.141
"nefarious",0.8,-0.234
"negative",0.826666666666667,2.201
"negativistic",0.372093023255814,NA
"neglected",0.930555555555556,-0.25
"neglectful",0.954022988505747,-0.246
"neglecting",0.9,-0.253
"negligent",0.663157894736842,-0.172
"neighborly",0.93939393939394,-0.248
"nervous",0.529411764705882,0.75
"nervy",0.320987654320988,NA
"neurotic",0.897435897435897,-0.217
"neutral",0.956521739130435,0.373
"nice",0.460674157303371,-0.244
"niggardly",0.436781609195402,-0.252
"nihilistic",0.666666666666667,-0.251
"nimble-witted",0.5625,NA
"noble",0.795454545454545,1.079
"nocturnal",0.935064935064935,-0.253
"noisy",0.909090909090909,-0.255
"nonbelligerent",0.659090909090909,NA
"nonchalant",0.869565217391304,-0.243
"noncoercive",0.783783783783784,NA
"noncommittal",0.59493670886076,-0.251
"noncompliant",0.881578947368421,-0.254
"nonconforming",0.950617283950617,-0.251
"nondescript",0.804878048780488,-0.234
"nonegotistical",0.661764705882353,NA
"nonexplosive",0.5875,NA
"nonhostile",0.707317073170732,NA
"nonimitative",0.597222222222222,NA
"noninterfering",0.842857142857143,NA
"nonirritable",0.697368421052632,NA
"nonpersistent",0.53125,NA
"nonrational",0.862068965517241,NA
"nonreligious",0.845238095238095,-0.25
"nonrigid",0.434782608695652,NA
"nonsensical",0.891304347826087,-0.235
"nonspiritual",0.941176470588235,NA
"nonunderstanding",0.715596330275229,NA
"nonvariant",0.644736842105263,NA
"nonvocal",0.919540229885057,NA
"nonvolatile",0.485148514851485,-0.256
"normal",0.85,2.429
"nosy",0.845070422535211,-0.252
"noticeable",0.902439024390244,-0.062
"nurturing",0.87012987012987,-0.254
"nutty",0.682352941176471,-0.249
"nymphomaniacal",0.87012987012987,NA
"obdurate",0.294871794871795,-0.238
"obedient",0.932584269662921,-0.074
"obeying",0.891566265060241,-0.257
"objective",0.683544303797468,-0.243
"obliging",0.904109589041096,-0.191
"oblivious",0.816091954022989,-0.159
"obnoxious",0.948453608247423,-0.186
"obscene",0.7625,-0.19
"obsequious",0.28421052631579,-0.239
"observant",0.873417721518987,-0.193
"obsessive",0.8125,-0.185
"obstinate",0.63,-0.129
"obstreperous",0.347826086956522,-0.255
"obstructive",0.931506849315068,-0.252
"obtrusive",0.865853658536585,-0.243
"obtuse",0.567901234567901,-0.226
"odd",0.698630136986301,-0.253
"off-color",0.771084337349398,NA
"offensive",0.766666666666667,0.175
"officious",0.275862068965517,-0.241
"old",0.978494623655914,15.499
"old-fashioned",0.953846153846154,NA
"oleaginous",0.171428571428571,NA
"ominous",0.828571428571429,-0.127
"one-sided",0.69047619047619,NA
"opaque",0.573529411764706,-0.148
"open",0.774647887323944,-0.233
"open-ended",0.574468085106383,NA
"open-faced",0.352272727272727,NA
"open-hearted",0.261904761904762,NA
"open-minded",0.847058823529412,NA
"opinionated",0.792682926829268,-0.246
"opportunistic",0.9,-0.21
"optimistic",0.902173913043478,-0.086
"orderly",0.865671641791045,-0.018
"ordinary",0.94047619047619,1.822
"organized",0.943820224719101,-0.201
"original",0.819444444444444,3.764
"ornery",0.694736842105263,-0.255
"orthodox",0.808510638297872,-0.034
"ostentatious",0.463157894736842,-0.226
"other-worldly",0.862068965517241,NA
"otherworldly",0.924242424242424,-0.243
"outgoing",0.855263157894737,-0.255
"outraged",0.91566265060241,-0.159
"outspoken",0.830985915492958,-0.195
"outstanding",0.956043956043956,-0.231
"overactive",0.790123456790123,-0.251
"overambitious",0.894736842105263,NA
"overanxious",0.897435897435897,NA
"overbearing",0.903225806451613,-0.224
"overbitter",0.263157894736842,NA
"overbold",0.48780487804878,NA
"overbookish",0.846153846153846,NA
"overbrave",0.650602409638554,NA
"overbusy",0.705128205128205,NA
"overcareful",0.839080459770115,NA
"overcaring",0.931818181818182,NA
"overcasual",0.681818181818182,NA
"overcautious",0.922222222222222,NA
"overcharitable",0.535714285714286,NA
"overcompassionate",0.919540229885057,NA
"overconfident",0.935064935064935,-0.255
"overconscientious",0.776470588235294,NA
"overcredulous",0.413333333333333,NA
"overcritical",0.816901408450704,NA
"overcunning",0.585106382978723,NA
"overcurious",0.902439024390244,NA
"overdaring",0.760869565217391,NA
"overdiligent",0.594202898550725,NA
"overeager",0.77,NA
"overearnest",0.63265306122449,NA
"overelegant",0.807692307692308,NA
"overemotional",0.885057471264368,NA
"overemphatic",0.506493506493506,NA
"overexcitable",0.893939393939394,NA
"overfastidious",0.545454545454545,NA
"overfearful",0.894736842105263,NA
"overfierce",0.464285714285714,NA
"overforward",0.738095238095238,NA
"overgreedy",0.886075949367089,NA
"overharsh",0.813953488372093,NA
"overhasty",0.868421052631579,NA
"overimaginative",0.828571428571429,NA
"overindulgent",0.927710843373494,NA
"overintense",0.544117647058823,NA
"overjealous",0.401869158878505,NA
"overkind",0.580246913580247,NA
"overlogical",0.891304347826087,NA
"overloud",0.761904761904762,NA
"overlusty",0.48051948051948,NA
"overmasculine",0.839080459770115,NA
"overmerry",0.58974358974359,NA
"overmodest",0.685393258426966,NA
"overneat",0.822784810126582,NA
"overnervous",0.656862745098039,NA
"overpartial",0.805555555555556,NA
"overparticular",0.918604651162791,NA
"overpassionate",0.781609195402299,NA
"overpatient",0.910112359550562,NA
"overprompt",0.337349397590361,NA
"overproud",0.743243243243243,NA
"overquiet",0.358974358974359,NA
"overrash",0.404494382022472,NA
"overrated",0.853333333333333,-0.244
"overrefined",0.686046511627907,NA
"overrelaxed",0.705128205128205,NA
"overrighteous",0.648936170212766,NA
"overrigid",0.726190476190476,NA
"overrigorous",0.597402597402597,NA
"overscrupulous",0.784810126582278,NA
"oversensitive",0.92,NA
"oversentimental",0.581632653061224,NA
"overserious",0.394495412844037,NA
"oversevere",0.52112676056338,NA
"overslow",0.315217391304348,NA
"oversolicitous",0.382352941176471,NA
"overspeedy",0.776315789473684,NA
"overstepping",0.865168539325843,-0.256
"overstrict",0.884615384615385,NA
"overstudious",0.59,NA
"oversubtle",0.197368421052632,NA
"oversuspicious",0.873417721518987,NA
"overtalkative",0.944444444444444,NA
"overthoughtful",0.824324324324324,NA
"overtolerant",0.426966292134831,NA
"overtrained",0.841463414634146,NA
"overtrusting",0.932584269662921,NA
"overvaliant",0.520547945205479,NA
"overviolent",0.564102564102564,NA
"overwary",0.822784810126582,NA
"overweening",0.134831460674157,-0.249
"overwhelmed",0.850574712643678,0.019
"overwomanly",0.726027397260274,NA
"overworked",0.97196261682243,-0.227
"overzealous",0.91025641025641,-0.251
"pacifistic",0.864583333333333,NA
"pacifying",0.833333333333333,-0.253
"painstaking",0.602739726027397,-0.214
"pandering",0.715686274509804,-0.251
"panicky",0.951219512195122,-0.248
"paranoid",0.948051948051948,-0.254
"parasitic",0.734939759036145,-0.189
"parental",0.9375,0.073
"parsimonious",0.267605633802817,-0.242
"participative",0.835443037974684,-0.243
"particular",0.782051282051282,6.444
"partisan",0.823529411764706,-0.081
"passionate",0.884057971014493,0.138
"passionless",0.8625,-0.249
"passive",0.914634146341463,-0.201
"paternal",0.934782608695652,-0.109
"pathetic",0.542553191489362,-0.055
"patient",0.81578947368421,-0.244
"patriarchal",0.835443037974684,-0.1
"patriotic",0.957894736842105,-0.236
"patronizing",0.773809523809524,-0.229
"peaceful",0.950617283950617,0.296
"peacemaking",0.933333333333333,-0.245
"peculiar",0.91025641025641,-0.249
"pedagogical",0.345238095238095,-0.248
"pedantic",0.363636363636364,-0.232
"pedestrian",0.485714285714286,-0.186
"peevish",0.597701149425287,-0.236
"penetrative",0.321428571428571,NA
"penitent",0.696629213483146,-0.188
"penny-wise",0.225,NA
"pensive",0.627906976744186,-0.203
"peppery",0.623376623376623,NA
"peppy",0.936170212765957,NA
"perceiving",0.962025316455696,-0.106
"perceptive",0.848837209302326,-0.207
"perfectionistic",0.922222222222222,NA
"peripatetic",0.176470588235294,-0.251
"perky",0.837837837837838,-0.252
"persecuting",0.370786516853933,-0.233
"persecutive",0.329268292682927,NA
"persevering",0.810810810810811,-0.215
"persistent",0.914893617021277,0.157
"personable",0.761363636363636,-0.251
"perspectiveless",0.636363636363636,NA
"perspicacious",0.325581395348837,NA
"persuadable",0.927083333333333,NA
"persuasive",0.96551724137931,-0.253
"pert",0.297872340425532,-0.253
"perturbable",0.607594936708861,NA
"perverse",0.228571428571429,-0.157
"perverted",0.720430107526882,-0.184
"pesky",0.855263157894737,-0.249
"pessimistic",0.660869565217391,-0.188
"petty",0.67816091954023,-0.211
"petulant",0.634146341463415,-0.238
"philandering",0.63265306122449,NA
"philanthropic",0.860759493670886,-0.191
"philosophical",0.925925925925926,-0.079
"philosophizing",0.506172839506173,-0.249
"phony",0.953846153846154,-0.232
"physical",0.4125,3.849
"picky",0.920454545454545,-0.252
"piggish",0.950617283950617,NA
"pigheaded",0.775280898876405,NA
"pioneering",0.895348837209302,-0.166
"pious",0.716981132075472,0.073
"pithy",0.111111111111111,-0.243
"pitiless",0.548076923076923,-0.218
"placating",0.691358024691358,NA
"placid",0.847222222222222,-0.172
"plain",0.884615384615385,-0.127
"plain-dealing",0.790322580645161,NA
"plain-spoken",0.608695652173913,NA
"planful",0.325581395348837,NA
"planless",0.73015873015873,NA
"platitudinous",0.442622950819672,NA
"playful",0.919191919191919,-0.134
"pleasant",0.630952380952381,-0.203
"pleased",0.709677419354839,-0.243
"pleasing",0.901098901098901,0.097
"pleasure-loving",0.75,NA
"pleasure-seeking",0.934782608695652,NA
"pliable",0.592233009708738,-0.235
"pliant",0.654320987654321,-0.239
"plodding",0.658536585365854,-0.233
"plotting",0.964705882352941,-0.159
"plucky",0.376811594202899,-0.243
"poetic",0.619565217391304,-0.234
"poised",0.853658536585366,-0.142
"polemical",0.223529411764706,-0.22
"polished",0.961538461538462,0.043
"polite",0.725274725274725,0.056
"political",0.955555555555556,-0.229
"pompous",0.875,-0.2
"ponderous",0.230769230769231,-0.199
"pontifical",0.346666666666667,-0.246
"pooh-poohing",0.56,NA
"poor",0.926829268292683,0.444
"popular",0.924050632911392,0
"posed",0.342105263157895,0.065
"positive",0.931506849315068,-0.253
"possessive",0.941176470588235,-0.2
"pouty",0.963414634146341,NA
"powerful",0.896103896103896,-0.22
"practical",0.635294117647059,1.903
"pragmatic",0.746666666666667,-0.241
"praising",0.842696629213483,-0.17
"prankish",0.888888888888889,NA
"prayerful",0.873239436619718,-0.242
"preaching",0.831578947368421,-0.227
"preachy",0.756410256410256,NA
"precise",0.988095238095238,0.421
"precocious",0.415584415584416,-0.221
"precondemning",0.850746268656716,NA
"predatory",0.929411764705882,-0.184
"predictable",0.82051282051282,-0.072
"prejudiced",0.908163265306122,-0.182
"prejudiceless",0.61764705882353,NA
"premeditative",0.917808219178082,NA
"preoccupied",0.857142857142857,-0.126
"presentable",0.903614457831325,-0.239
"presumptuous",0.451612903225806,-0.207
"pretenseful",0.4,NA
"pretenseless",0.442622950819672,NA
"pretentious",0.725,-0.218
"pretty",0.647058823529412,-0.138
"prickly",0.229357798165138,-0.218
"prideful",0.896551724137931,-0.254
"prideless",0.702380952380952,NA
"priggish",0.45679012345679,NA
"prim",0.522222222222222,-0.25
"principled",0.875,-0.213
"prissy",0.935064935064935,NA
"private",0.805555555555556,3.953
"privileged",0.9,0.057
"probing",0.870588235294118,-0.251
"procrastinating",0.942857142857143,NA
"productive",0.879120879120879,-0.242
"profane",0.694117647058824,-0.148
"professional",0.779220779220779,1.927
"profligate",0.35632183908046,-0.221
"profound",0.675675675675676,0.52
"prognosticating",0.512820512820513,NA
"progressive",0.8,0.338
"prominent",0.831460674157303,-0.231
"promiscuous",0.4,-0.221
"prompt",0.884057971014493,0.105
"proper",0.849315068493151,-0.179
"prophetic",0.945945945945946,-0.242
"prosaic",0.179775280898876,-0.208
"prosperous",0.957142857142857,0.001
"protective",0.936170212765957,-0.215
"proud",0.871428571428571,0.863
"provincial",0.483870967741935,-0.135
"provocable",0.840579710144927,NA
"provocative",0.876923076923077,-0.16
"prudent",0.680555555555556,0.005
"prudish",0.558333333333333,-0.254
"prurient",0.325581395348837,-0.253
"psychopathic",0.785185185185185,-0.248
"puckish",0.5,NA
"pugnacious",0.329268292682927,-0.248
"punctilious",0.36,-0.248
"punctual",0.955056179775281,-0.221
"punishing",0.573333333333333,-0.167
"pure",0.948051948051948,1.587
"puritanical",0.694444444444444,-0.246
"purposeful",0.796875,-0.19
"purposeless",0.82,-0.245
"purposive",0.604395604395604,-0.234
"pusillanimous",0.197530864197531,NA
"quaint",0.876404494382023,-0.087
"quarrelsome",0.925,-0.236
"querulous",0.5,-0.242
"questioning",0.839506172839506,-0.241
"quibbling",0.693069306930693,NA
"quick",0.837837837837838,1.35
"quick-tempered",0.950617283950617,NA
"quick-witted",0.955882352941177,NA
"quiet",0.988235294117647,-0.196
"quiet-spoken",0.916666666666667,NA
"quirky",0.853658536585366,-0.241
"quixotic",0.261904761904762,-0.249
"racy",0.82716049382716,-0.244
"radical",0.693181818181818,0.623
"rakish",0.306818181818182,NA
"rambling",0.719512195121951,-0.201
"rambunctious",0.88,NA
"rancorous",0.558441558441558,NA
"randy",0.58695652173913,-0.145
"rapacious",0.426829268292683,-0.235
"rapturous",0.430232558139535,-0.231
"rascally",0.746835443037975,-0.246
"rash",0.722222222222222,-0.064
"rational",0.954545454545455,0.651
"raucous",0.784090909090909,-0.233
"raunchy",0.922222222222222,NA
"reactionary",0.183908045977011,-0.186
"realistic",0.753424657534247,0.132
"reasonable",0.936708860759494,1.336
"reassuring",0.87012987012987,-0.151
"rebellious",0.766233766233766,-0.129
"recalcitrant",0.304878048780488,-0.226
"receiving",0.93421052631579,0.856
"receptive",0.865671641791045,-0.139
"reckless",0.938271604938272,-0.058
"reclusive",0.920792079207921,NA
"recondite",0.144578313253012,-0.249
"redoubtable",0.136842105263158,-0.242
"refined",0.804597701149425,0.101
"reflective",0.837209302325581,-0.238
"reformative",0.8625,NA
"refreshing",0.485714285714286,-0.123
"regal",0.541176470588235,-0.197
"regular",0.957446808510638,-0.148
"relaxed",0.873417721518987,0.12
"relentless",0.846153846153846,-0.139
"reliable",0.966292134831461,0.35
"reliant",0.903225806451613,-0.198
"religious",0.975,-0.243
"reluctant",0.704545454545455,0.064
"remarkable",0.880952380952381,-0.239
"remorseful",0.944444444444444,-0.245
"remorseless",0.416666666666667,-0.24
"repressed",0.871794871794872,-0.14
"reproachful",0.49,-0.237
"resentful",0.852631578947368,-0.21
"reserved",0.644444444444444,0.519
"resigned",0.773333333333333,0.029
"resilient",0.86046511627907,-0.202
"resistant",0.442622950819672,0.034
"resolute",0.804123711340206,-0.126
"resolved",0.73,-0.207
"resourceful",0.876543209876543,-0.221
"respectable",0.951612903225806,0.149
"respected",0.916666666666667,0.214
"respectful",0.864583333333333,-0.066
"responsible",0.835164835164835,1.725
"responsive",0.883720930232558,-0.042
"restive",0.204724409448819,-0.239
"restless",0.946236559139785,0.043
"restrainable",1,NA
"restrained",0.671428571428571,-0.058
"retaliative",0.845238095238095,NA
"retarded",0.858695652173913,-0.174
"reticent",0.4125,-0.227
"retiring",0.2,-0.113
"retortive",0.614285714285714,NA
"revengeful",0.941860465116279,-0.242
"reverent",0.43298969072165,-0.207
"rhythmic",0.849462365591398,-0.125
"rich",0.974683544303797,-0.044
"ridiculous",0.768292682926829,0.116
"righteous",0.89873417721519,-0.241
"rigid",0.83695652173913,0.215
"rigorous",0.484848484848485,-0.039
"risque",0.622641509433962,NA
"ritualistic",0.91358024691358,-0.235
"rivalrous",0.928571428571429,NA
"roguish",0.506172839506173,-0.248
"rollicking",0.5125,-0.246
"romantic",0.686046511627907,0.308
"rootless",0.731707317073171,NA
"rough",0.432835820895522,0.767
"rough-and-ready",0.683544303797468,NA
"rowdy",0.91025641025641,-0.239
"rudderless",0.6,NA
"rude",0.920454545454545,-0.249
"rueful",0.36144578313253,-0.241
"rugged",0.849462365591398,-0.08
"ruminative",0.5375,NA
"rumpled",0.822916666666667,-0.238
"run-down",0.790697674418605,NA
"rushed",0.558441558441558,0.388
"rustic",0.619718309859155,-0.143
"ruthless",0.942857142857143,-0.149
"saccharine",0.563829787234043,NA
"sacrilegious",0.486111111111111,-0.239
"sad",0.949367088607595,-0.244
"sadistic",0.901408450704225,-0.232
"sagacious",0.28169014084507,-0.216
"sage",0.589041095890411,-0.238
"saintly",0.72972972972973,-0.21
"salacious",0.630952380952381,NA
"salty",0.347222222222222,-0.211
"salubrious",0.320987654320988,NA
"sanctimonious",0.849315068493151,NA
"sanguine",0.175675675675676,-0.174
"sappy",0.842696629213483,NA
"sarcastic",0.696078431372549,-0.183
"sardonic",0.588235294117647,-0.231
"sassy",0.714285714285714,NA
"satirical",0.551724137931034,-0.194
"satisfied",0.918918918918919,-0.229
"saturnine",0.233766233766234,NA
"saucy",0.367816091954023,-0.231
"savage",0.926829268292683,0.238
"scampish",0.648351648351648,NA
"scandalmongering",0.528735632183908,NA
"scandalous",0.869565217391304,-0.184
"scared",0.976744186046512,0.147
"scary",0.888888888888889,-0.159
"scatterbrained",0.931506849315068,NA
"scattered",0.725,-0.241
"scheduled",0.80952380952381,0.062
"scheming",0.878048780487805,-0.226
"scholarly",0.907894736842105,-0.241
"scholastic",0.935897435897436,-0.189
"scientific",0.75609756097561,1.757
"scoffing",0.853333333333333,NA
"scornful",0.9,-0.202
"scowling",0.945054945054945,-0.228
"scrappy",0.646341463414634,NA
"screwy",0.611111111111111,NA
"scrounging",0.630769230769231,NA
"scrupulous",0.642105263157895,-0.189
"seclusive",0.897058823529412,NA
"secretive",0.987951807228916,-0.218
"secure",0.556962025316456,-0.179
"sedate",0.0869565217391304,-0.231
"sedentary",0.747572815533981,-0.2
"seditious",0.414893617021277,-0.229
"seductive",0.920634920634921,-0.184
"seedy",0.671232876712329,-0.241
"seething",0.576923076923077,-0.213
"selective",0.842105263157895,0.068
"self-absorbed",0.976190476190476,NA
"self-actualized",0.717647058823529,NA
"self-assertive",0.912087912087912,NA
"self-assured",0.964705882352941,NA
"self-centered",0.975,NA
"self-confident",0.861538461538462,NA
"self-conscious",0.837209302325581,NA
"self-consistent",0.527777777777778,NA
"self-contained",0.841463414634146,NA
"self-controlled",0.946666666666667,NA
"self-correcting",0.968421052631579,NA
"self-critical",0.846153846153846,NA
"self-deceiving",0.746478873239437,NA
"self-defeating",0.872340425531915,NA
"self-defensive",0.839506172839506,NA
"self-deluding",0.828947368421053,NA
"self-denying",0.778947368421053,NA
"self-deprecating",0.82051282051282,NA
"self-destructive",0.986301369863014,NA
"self-disciplined",0.926470588235294,NA
"self-disparaging",0.829545454545455,NA
"self-doubting",0.98936170212766,NA
"self-educated",0.9875,NA
"self-effacing",0.49438202247191,NA
"self-examining",0.891891891891892,NA
"self-excusing",0.763157894736842,NA
"self-expressive",0.902777777777778,NA
"self-important",0.885714285714286,NA
"self-indulgent",0.922222222222222,NA
"self-interested",0.962962962962963,NA
"self-involved",0.933333333333333,NA
"self-limiting",0.662921348314607,NA
"self-loathing",0.864583333333333,NA
"self-pitying",0.953488372093023,NA
"self-possessed",0.413793103448276,NA
"self-punishing",0.985714285714286,NA
"self-reflective",0.908163265306122,NA
"self-regulating",0.946666666666667,NA
"self-reliant",0.77906976744186,NA
"self-reproachful",0.703703703703704,NA
"self-respecting",0.864864864864865,NA
"self-restrained",0.9375,NA
"self-revealing",0.925925925925926,NA
"self-righteous",0.897058823529412,NA
"self-sacrificing",0.97,NA
"self-satisfied",0.915492957746479,NA
"self-seeking",0.835616438356164,NA
"self-sufficient",0.936842105263158,NA
"self-supporting",0.955555555555556,NA
"self-taught",0.958333333333333,NA
"self-willed",0.658227848101266,NA
"selfish",0.95,0.127
"selfless",0.782051282051282,-0.228
"senile",0.904255319148936,-0.238
"sensation-seeking",0.878787878787879,NA
"senseless",0.691489361702128,-0.153
"sensible",0.847058823529412,0.284
"sensing",0.428571428571429,-0.092
"sensitive",0.759036144578313,0.795
"sensual",0.952380952380952,-0.114
"sensuous",0.85593220338983,-0.18
"sententious",0.194805194805195,NA
"sentimental",0.8,-0.075
"serene",0.819277108433735,-0.104
"serious",0.658227848101266,2.488
"serious-minded",0.715909090909091,NA
"serpentine",0.865853658536585,-0.233
"servile",0.826086956521739,-0.199
"severe",0.830985915492958,-0.175
"sexless",0.869047619047619,NA
"sexy",0.883116883116883,-0.15
"shady",0.845070422535211,-0.155
"shaky",0.651515151515151,-0.187
"shallow",0.858974358974359,-0.24
"shameless",0.848484848484849,-0.212
"sharp-tongued",0.716049382716049,NA
"sharp-witted",0.887096774193548,NA
"sheepish",0.682926829268293,-0.241
"shiftless",0.388349514563107,NA
"shocking",0.863013698630137,-0.097
"short",0.5,-0.24
"short-spoken",0.816901408450704,NA
"short-tempered",0.975308641975309,NA
"shortsighted",0.901408450704225,-0.246
"showy",0.886363636363636,-0.22
"shrewd",0.465909090909091,-0.107
"shrewish",0.698924731182796,NA
"shrieking",0.943181818181818,-0.204
"shrill",0.957894736842105,-0.121
"shrinking",0.785714285714286,-0.134
"shy",0.880952380952381,-0.247
"sick",0.9,-0.206
"sickly",0.6,-0.165
"significant",0.858585858585859,3.519
"silent",0.859154929577465,1.325
"silly",0.732558139534884,0.12
"simple",0.772727272727273,-0.008
"simpleminded",0.941176470588235,NA
"sincere",0.862068965517241,0.163
"sinful",0.758241758241758,-0.056
"single-minded",0.694444444444444,NA
"sinister",0.867469879518072,-0.111
"sisterly",0.89010989010989,-0.246
"skeptical",0.9625,-0.124
"sketchy",0.857142857142857,-0.239
"skilled",0.952380952380952,0.184
"skillful",0.869047619047619,-0.178
"skinny",0.956521739130435,-0.177
"skittish",0.302325581395349,NA
"slanderous",0.9125,NA
"slapdash",0.602739726027397,NA
"slavish",0.476190476190476,-0.236
"sleazy",0.51219512195122,NA
"sleek",0.971428571428571,-0.191
"sleepy",0.340425531914894,-0.117
"slender",0.943181818181818,0.085
"slick",0.663865546218487,-0.194
"slim",0.976744186046512,-0.093
"slinking",0.793814432989691,NA
"slippery",0.525641025641026,-0.132
"slipshod",0.698795180722892,NA
"sloppy",0.934065934065934,-0.223
"slothful",0.945945945945946,-0.246
"slovenly",0.604651162790698,-0.237
"slow",0.797752808988764,1.406
"slow-witted",0.905405405405405,NA
"sluggish",0.989247311827957,-0.188
"sluttish",0.829545454545455,NA
"sly",0.894117647058824,-0.166
"smart",0.902173913043478,-0.106
"smooth",0.0909090909090909,0.691
"smooth-spoken",0.914634146341463,NA
"smug",0.743243243243243,-0.222
"smutty",0.82051282051282,NA
"snarling",0.948275862068966,-0.229
"sneaky",0.826086956521739,-0.246
"sneering",0.581081081081081,-0.231
"snide",0.828571428571429,NA
"snippy",0.881578947368421,NA
"sniveling",0.685714285714286,NA
"snobbish",0.814285714285714,NA
"snoopy",0.684684684684685,NA
"snooty",0.931034482758621,NA
"sober",0.673684210526316,0.032
"sober-minded",0.734939759036145,NA
"sociable",0.95,-0.215
"social",0.791666666666667,9.99
"soft",0.733333333333333,1.726
"soft-hearted",0.950617283950617,NA
"soft-shelled",0.831460674157303,NA
"soft-spoken",0.947368421052632,NA
"soldierly",0.695652173913043,-0.243
"solemn",0.835051546391753,0.317
"solicitous",0.27027027027027,-0.221
"solitary",0.968421052631579,0.149
"somber",0.738636363636364,-0.207
"soothing",0.493589743589744,-0.107
"sophisticated",0.878787878787879,0.17
"sophomoric",0.420289855072464,NA
"sorry",0.884057971014493,-0.029
"soulful",0.684782608695652,NA
"sour",0.709677419354839,-0.084
"spare",0.505263157894737,0.324
"sparkling",0.425287356321839,-0.067
"specific",0.891304347826087,4.814
"speedy",0.94047619047619,-0.127
"spineless",0.897058823529412,NA
"spirited",0.926829268292683,-0.08
"spiritless",0.823529411764706,NA
"spiritual",0.942528735632184,-0.072
"spiteful",0.865979381443299,-0.228
"splenetic",0.0970873786407767,NA
"spoiled",0.853932584269663,-0.088
"spontaneous",0.674418604651163,0.103
"sporting",0.227272727272727,-0.078
"sportsmanlike",0.911392405063291,NA
"sporty",0.518072289156627,NA
"sprightly",0.780487804878049,-0.228
"spritely",0.7875,NA
"spry",0.828125,NA
"spunky",0.659090909090909,NA
"sputtering",0.516129032258065,-0.233
"spying",0.831168831168831,-0.206
"squeamish",0.566265060240964,-0.248
"stable",0.949367088607595,0.787
"stalwart",0.493827160493827,-0.204
"standoffish",0.904761904761905,NA
"star-crossed",0.376623376623377,NA
"stark",0.558441558441558,-0.109
"startling",0.625,-0.038
"stately",0.676056338028169,-0.053
"statesmanlike",0.791208791208791,NA
"statistical",0.905882352941176,-0.028
"steadfast",0.839506172839506,-0.164
"steady",0.582278481012658,0.638
"steadying",0.689655172413793,-0.24
"stealthy",0.698924731182796,-0.223
"steely",0.648648648648649,-0.237
"stentorian",0.181818181818182,NA
"stern",0.91358024691358,0.206
"stiff",0.755555555555556,0.15
"stifling",0.653333333333333,-0.195
"stinging",0.810810810810811,-0.197
"stingy",0.876923076923077,-0.242
"stodgy",0.607594936708861,NA
"stoic",0.790123456790123,-0.209
"stolid",0.369565217391304,-0.228
"stormy",0.595238095238095,-0.112
"stout-hearted",0.554054054054054,NA
"straightforward",0.935897435897436,0.074
"strait-laced",0.75,NA
"strange",0.888888888888889,-0.072
"strict",0.888888888888889,0.422
"stringent",0.840579710144927,-0.151
"strong",0.853211009174312,0.002
"strong-minded",0.876404494382023,NA
"strong-willed",0.822916666666667,NA
"stubborn",0.883720930232558,-0.087
"stuck-up",0.789473684210526,NA
"studious",0.686046511627907,-0.215
"stuffy",0.626666666666667,-0.227
"stupid",0.638297872340426,0.312
"sturdy",0.914634146341463,-0.094
"stylish",0.960526315789474,-0.213
"suave",0.688172043010753,-0.241
"subdued",0.828125,-0.044
"subjective",0.666666666666667,0.233
"submissive",0.845238095238095,-0.189
"subservient",0.902173913043478,-0.197
"substantive",0.546511627906977,-0.246
"subversive",0.661764705882353,-0.174
"successful",0.693693693693694,-0.148
"sugary",0.696629213483146,-0.245
"suggestible",0.873684210526316,NA
"sulky",0.594594594594595,-0.225
"sullen",0.789473684210526,-0.13
"sultry",0.692307692307692,-0.216
"sunny",0.9625,-0.219
"supercilious",0.230769230769231,-0.242
"superficial",0.844155844155844,-0.242
"superior",0.458823529411765,1.091
"supersensitive",0.829545454545455,NA
"superstitious",0.682926829268293,-0.118
"supportive",0.987341772151899,0.008
"surly",0.63,-0.218
"surprised",0.9125,1.059
"surprising",0.829545454545455,0.418
"suspicious",0.917647058823529,0.091
"swaggering",0.8875,-0.244
"swanky",0.726027397260274,NA
"sweet",0.917647058823529,1.508
"swellheaded",0.693181818181818,NA
"sycophantic",0.433333333333333,NA
"sympathetic",0.925925925925926,0.168
"systematic",0.941176470588235,-0.191
"taciturn",0.380281690140845,-0.237
"tacky",0.835294117647059,-0.249
"tactful",0.634146341463415,-0.237
"tactical",0.898876404494382,-0.105
"tactile",0.634408602150538,-0.254
"tactless",0.691489361702128,-0.254
"talented",0.949367088607595,-0.252
"talkative",0.9125,-0.222
"tame",0.596774193548387,-0.106
"tasteful",0.88,-0.235
"tasteless",0.902439024390244,-0.234
"tawdry",0.691489361702128,-0.241
"teachable",0.91588785046729,-0.248
"tearful",0.951807228915663,-0.209
"teary",0.96,-0.253
"teasing",0.949367088607595,-0.15
"technical",0.91578947368421,0.054
"temperamental",0.833333333333333,-0.239
"temperate",0.682926829268293,-0.11
"tempestuous",0.7,-0.228
"temptable",0.826086956521739,NA
"tenacious",0.701149425287356,-0.208
"tender",0.976470588235294,0.667
"tender-hearted",0.925,NA
"tenderminded",0.153061224489796,NA
"tense",0.918604651162791,-0.235
"tentative",0.67948717948718,-0.14
"terrible",0.985507246376812,1.048
"terrific",0.658536585365854,-0.096
"terrifying",0.946564885496183,-0.141
"terse",0.551282051282051,-0.228
"testy",0.922077922077922,-0.252
"thankful",1,-0.002
"thankless",0.884057971014493,-0.244
"theatrical",0.783783783783784,-0.247
"theoretical",0.580246913580247,-0.255
"thick",0.752808988764045,-0.222
"thick-skinned",0.79746835443038,NA
"thick-witted",0.658227848101266,NA
"thickheaded",0.409090909090909,NA
"thin",0.776315789473684,-0.188
"thin-skinned",0.950617283950617,NA
"thinking",0.697674418604651,3.834
"thorny",0.518987341772152,-0.213
"thorough",0.829268292682927,0.223
"thoroughgoing",0.579545454545455,-0.241
"thoughtful",0.961038961038961,-0.254
"thoughtless",0.716216216216216,-0.191
"threatening",0.905882352941176,-0.252
"thriftless",0.853333333333333,NA
"thrifty",0.825581395348837,-0.221
"thundering",0.565217391304348,-0.198
"thunderous",0.811764705882353,-0.232
"ticklish",0.797619047619048,-0.249
"tidy",0.944444444444444,-0.174
"tight",0.74025974025974,-0.24
"tight-lipped",0.91025641025641,NA
"timid",0.921348314606742,-0.074
"timorous",0.494845360824742,-0.241
"tiny",0.978947368421053,-0.219
"tired",0.689189189189189,0.883
"tireless",0.927710843373494,-0.215
"tolerant",0.74025974025974,-0.119
"torpid",0.322222222222222,-0.242
"touchy",0.655172413793103,-0.24
"tough",0.7,-0.23
"tough-minded",0.561797752808989,NA
"traditional",0.912087912087912,2.182
"tragic",0.826086956521739,-0.242
"traitorous",0.861111111111111,-0.243
"tranquil",0.865168539325843,-0.134
"transgressive",0.633802816901408,-0.239
"transparent",0.877777777777778,0.116
"treacherous",0.735632183908046,-0.123
"tremulous",0.434782608695652,-0.196
"trenchant",0.144578313253012,-0.243
"trendy",0.951807228915663,-0.236
"tricky",0.821917808219178,-0.176
"trim",0.65,-0.096
"troubled",0.924050632911392,0.279
"troublesome",0.861111111111111,-0.074
"truculent",0.225,-0.249
"trusted",0.988636363636364,-0.248
"trustful",0.714285714285714,-0.245
"trusting",0.960526315789474,-0.066
"trustworthy",0.928571428571429,-0.13
"trusty",0.866666666666667,-0.209
"truthful",0.86046511627907,-0.147
"truthless",0.535211267605634,NA
"twisted",0.729411764705882,0.108
"twitchy",0.863013698630137,NA
"tyrannical",0.835443037974684,-0.194
"ugly",0.206896551724138,-0.238
"ultraconservative",0.746268656716418,NA
"ultracritical",0.691358024691358,NA
"ultrademocratic",0.540229885057471,NA
"ultrafastidious",0.678571428571429,NA
"ultraintellectual",0.663157894736842,NA
"ultrarefined",0.681818181818182,NA
"ultrareligious",0.705263157894737,NA
"ultrasensual",0.444444444444444,NA
"ultrasentimental",0.435185185185185,NA
"ultraspiritual",0.75,NA
"unabashed",0.690140845070423,-0.241
"unable",0.920454545454545,1.26
"unaccessible",0.835820895522388,NA
"unaccommodating",0.841584158415842,NA
"unaccomplished",0.75609756097561,NA
"unaccountable",0.976190476190476,-0.197
"unadaptable",0.945652173913043,NA
"unadulterous",0.654867256637168,NA
"unadventurous",0.925373134328358,NA
"unaffable",0.48780487804878,NA
"unaffected",0.415730337078652,-0.13
"unaffectionate",0.975903614457831,NA
"unafraid",0.906976744186046,-0.243
"unaggressive",0.845238095238095,NA
"unagreeable",0.666666666666667,NA
"unaiding",0.893333333333333,NA
"unalert",0.883116883116883,NA
"unalterable",0.716216216216216,-0.227
"unambitious",0.893333333333333,NA
"unamiable",0.653846153846154,NA
"unamusable",0.77906976744186,NA
"unanalytic",0.867469879518072,NA
"unanchored",0.575342465753425,NA
"unanimated",0.72,NA
"unappreciative",0.792682926829268,NA
"unapproachable",0.674157303370786,-0.243
"unargumentative",0.72093023255814,NA
"unartistic",0.925,NA
"unashamed",0.835294117647059,-0.253
"unaspiring",0.451219512195122,NA
"unassertive",0.824175824175824,NA
"unassisting",0.904761904761905,NA
"unassuming",0.659340659340659,-0.232
"unassured",0.82,NA
"unattractive",0.971698113207547,-0.209
"unauthoritative",0.833333333333333,NA
"unbalanced",0.670103092783505,-0.207
"unbashful",0.766233766233766,NA
"unbelievable",0.925,-0.255
"unbelligerent",0.55,NA
"unbendable",0.706422018348624,NA
"unbending",0.736842105263158,-0.242
"unbenevolent",0.463414634146341,NA
"unbewailing",0.307692307692308,NA
"unbiased",0.933333333333333,-0.206
"unbigoted",0.661764705882353,NA
"unblushing",0.457446808510638,NA
"unboastful",0.712962962962963,NA
"unbold",0.317647058823529,NA
"unbookish",0.84375,NA
"unbridled",0.816091954022989,-0.224
"unbusinesslike",0.208695652173913,NA
"uncalculating",0.602739726027397,NA
"uncandid",0.636363636363636,NA
"uncareful",0.582278481012658,NA
"uncautious",0.862068965517241,NA
"unceremonious",0.518987341772152,-0.253
"uncertain",0.763157894736842,-0.239
"unchangeable",0.835051546391753,-0.216
"unchanging",0.944444444444444,-0.197
"uncharitable",0.573333333333333,-0.246
"unchaste",0.554054054054054,NA
"uncheerful",0.825581395348837,NA
"uncheery",0.707317073170732,NA
"unchivalrous",0.902777777777778,NA
"uncivil",0.861702127659574,-0.247
"uncivilized",0.9375,-0.235
"unclear",0.83695652173913,-0.013
"uncollected",0.402298850574713,NA
"uncomfortable",0.558441558441558,0.157
"uncommunicative",0.921052631578947,NA
"uncompanionable",0.81578947368421,NA
"uncompassionate",0.915492957746479,NA
"uncompetitive",0.692307692307692,NA
"uncomplaining",0.526315789473684,-0.253
"uncomplaisant",0.56578947368421,NA
"uncomplicated",0.892857142857143,-0.23
"uncompromising",0.923913043478261,-0.194
"unconcealing",0.654761904761905,NA
"unconciliatory",0.530612244897959,NA
"unconfident",0.648148148148148,NA
"unconfiding",0.72972972972973,NA
"unconformable",0.296296296296296,NA
"uncongenial",0.746987951807229,-0.245
"unconscientious",0.581632653061224,NA
"unconstrainable",0.868421052631579,NA
"unconstrained",0.8125,-0.235
"unconstructive",0.767123287671233,NA
"uncontainable",0.872093023255814,NA
"uncontradictable",0.727272727272727,NA
"uncontriving",0.35,NA
"uncontrolled",0.789473684210526,-0.177
"unconventional",0.909090909090909,-0.19
"uncooperative",1,-0.247
"uncordial",0.732142857142857,NA
"uncorrupted",0.894117647058824,-0.252
"uncourteous",0.877777777777778,NA
"uncourtly",0.623376623376623,NA
"uncouth",0.752941176470588,-0.211
"uncrafty",0.704225352112676,NA
"uncreative",0.930232558139535,NA
"uncritical",0.863636363636364,-0.229
"uncultivated",0.732394366197183,-0.226
"uncultured",0.847222222222222,-0.252
"uncunning",0.595238095238095,NA
"uncurbable",0.391891891891892,NA
"uncurious",0.8,NA
"undaunted",0.815384615384615,-0.225
"undeceivable",0.878048780487805,NA
"undeceptive",0.732673267326733,NA
"undefeatable",0.939024390243902,NA
"undelaying",0.685393258426966,NA
"undeliberate",0.845238095238095,NA
"undeliberative",0.642857142857143,NA
"undemanding",0.872340425531915,NA
"undemocratic",0.618421052631579,-0.241
"undemonstrative",0.568421052631579,NA
"undependable",0.934065934065934,NA
"underhanded",0.763888888888889,-0.254
"underogatory",0.426829268292683,NA
"understandable",0.734177215189873,-0.112
"understanding",0.939759036144578,-0.246
"underwitted",0.447368421052632,NA
"undespairing",0.630952380952381,NA
"undespondent",0.421875,NA
"undeviating",0.571428571428571,-0.254
"undevious",0.482352941176471,NA
"undevout",0.884615384615385,NA
"undignified",0.511627906976744,-0.238
"undiligent",0.761904761904762,NA
"undiplomatic",0.654545454545455,NA
"undisappointable",0.764044943820225,NA
"undiscerning",0.604938271604938,NA
"undisciplined",0.91566265060241,-0.232
"undiscourageable",0.850574712643678,NA
"undiscriminating",0.468354430379747,NA
"undisguised",0.816091954022989,-0.236
"undisturbable",0.840425531914894,NA
"undivertible",0.828571428571429,NA
"undogmatic",0.333333333333333,NA
"undramatic",0.471698113207547,NA
"undutiful",0.466666666666667,NA
"uneager",0.525862068965517,NA
"unearnest",0.682352941176471,NA
"uneasy",0.775,0.015
"uneconomical",0.864583333333333,NA
"uneducated",1,-0.199
"unelusive",0.671875,NA
"unembittered",0.583333333333333,NA
"unemotional",0.864197530864197,-0.249
"unemphatic",0.319444444444444,NA
"unemployed",0.938461538461538,-0.249
"unencumbered",0.795180722891566,-0.241
"unenergetic",0.824324324324324,NA
"unenlightened",0.695121951219512,-0.249
"unenterprising",0.692307692307692,NA
"unenthusiastic",0.872093023255814,NA
"unenvious",0.802816901408451,NA
"unequivocal",0.567164179104478,-0.203
"unerring",0.69620253164557,-0.218
"unethical",0.928571428571429,-0.203
"unexacting",0.4125,NA
"unexcitable",0.88421052631579,NA
"unexpansive",0.4625,NA
"unexplosive",0.547368421052632,NA
"unextravagant",0.303030303030303,NA
"unextraverted",0.698630136986301,NA
"unfailing",0.710843373493976,-0.21
"unfair",0.686567164179104,0.018
"unfaithful",0.945054945054945,-0.213
"unfaltering",0.752577319587629,-0.251
"unfashionable",0.914893617021277,-0.248
"unfearing",0.895522388059702,NA
"unfeeling",0.880952380952381,-0.232
"unfeigning",0.380952380952381,NA
"unfeminine",0.953488372093023,NA
"unfettered",0.51219512195122,-0.216
"unflagging",0.621951219512195,-0.25
"unflinching",0.792682926829268,-0.236
"unfluctuating",0.885714285714286,NA
"unfluent",0.77,NA
"unfocused",0.893939393939394,-0.249
"unforbearing",0.211764705882353,NA
"unforcible",0.676056338028169,NA
"unforgetful",0.56701030927835,NA
"unforgettable",0.896103896103896,-0.226
"unforgiving",0.876543209876543,-0.234
"unforseeing",0.735294117647059,NA
"unfraternal",0.782608695652174,NA
"unfriendly",0.681818181818182,-0.195
"unfrugal",0.61864406779661,NA
"ungainly",0.5,-0.238
"ungallant",0.776470588235294,NA
"ungenerous",0.421052631578947,-0.241
"ungenteel",0.714285714285714,NA
"ungentle",0.728395061728395,NA
"ungentlemanly",0.726315789473684,NA
"ungiving",0.287671232876712,NA
"ungodly",0.7875,-0.208
"ungovernable",0.688311688311688,-0.242
"ungraceful",0.878378378378378,-0.253
"ungracious",0.474358974358974,-0.243
"ungrateful",0.958904109589041,-0.171
"ungregarious",0.36231884057971,NA
"ungrudging",0.4375,NA
"unguarded",0.630434782608696,-0.224
"unhappy",0.908045977011494,-0.244
"unhardened",0.48051948051948,NA
"unhardy",0.684931506849315,NA
"unharming",0.891304347826087,NA
"unhasty",0.807228915662651,NA
"unhealthy",0.986842105263158,-0.135
"unheedful",0.602739726027397,NA
"unhelpful",0.868131868131868,-0.235
"unheroic",0.84375,NA
"unholy",0.576470588235294,-0.21
"unhurried",0.876404494382023,-0.252
"unimaginative",0.918181818181818,-0.247
"unimpassionate",0.458715596330275,NA
"unimpatient",0.444444444444444,NA
"unimpeachable",0.752808988764045,-0.244
"unimpressed",0.954022988505747,-0.245
"unimpressible",0.215909090909091,NA
"unimpressionable",0.835294117647059,NA
"unindulgent",0.471428571428571,NA
"unindustrious",0.696969696969697,NA
"uninformed",0.935897435897436,-0.23
"uningenious",0.65625,NA
"uninhibited",0.786666666666667,-0.246
"uninquiring",0.740740740740741,NA
"uninquisitive",0.777777777777778,NA
"uninspired",0.895348837209302,-0.249
"unintellectual",0.861538461538462,NA
"unintelligent",0.919540229885057,-0.246
"unintelligible",0.886363636363636,-0.177
"uninterested",0.69620253164557,-0.233
"unintrospective",0.780821917808219,NA
"uninventive",0.925,NA
"uninvestigative",0.692307692307692,NA
"unique",0.988505747126437,-0.219
"unjealous",0.686746987951807,NA
"unjoyful",0.959459459459459,NA
"unkempt",0.928571428571429,-0.23
"unkind",0.814814814814815,-0.177
"unkindly",0.589147286821705,-0.237
"unladylike",0.941176470588235,NA
"unlearned",0.878378378378378,-0.233
"unliterary",0.731707317073171,NA
"unlively",0.865853658536585,NA
"unloving",0.891304347826087,-0.254
"unlucky",0.844155844155844,-0.157
"unmaidenly",0.169811320754717,NA
"unmalicious",0.868131868131868,NA
"unmalleable",0.67741935483871,NA
"unmanly",0.91358024691358,-0.243
"unmannered",0.918604651162791,NA
"unmasculine",0.867924528301887,NA
"unmeddling",0.876712328767123,NA
"unmeek",0.460674157303371,NA
"unmelancholy",0.662650602409639,NA
"unmercenary",0.133333333333333,NA
"unmerciful",0.893939393939394,-0.254
"unmerry",0.808510638297872,NA
"unmethodical",0.801980198019802,NA
"unmild",0.383561643835616,NA
"unmindful",0.791666666666667,-0.236
"unmirthful",0.492957746478873,NA
"unmodifiable",0.653846153846154,NA
"unmoralizing",0.440860215053763,NA
"unmovable",0.764705882352941,NA
"unmusical",0.702380952380952,NA
"unnatural",0.625,-0.044
"unneighborly",0.698630136986301,NA
"unniggardly",0.28125,NA
"unobliging",0.673913043478261,NA
"unobservant",0.906666666666667,NA
"unobtrusive",0.783132530120482,-0.229
"unoriginal",0.888888888888889,NA
"unorthodox",0.868686868686869,-0.23
"unostentatious",0.514705882352941,-0.253
"unpardoning",0.9,NA
"unpartisan",0.788888888888889,NA
"unpatriotic",0.958333333333333,-0.249
"unpeaceable",0.364583333333333,NA
"unperceptive",0.526881720430108,NA
"unpersonable",0.866666666666667,NA
"unpersuadable",0.785714285714286,NA
"unpersuasive",0.898876404494382,NA
"unphilanthropic",0.576271186440678,NA
"unphilosophical",0.493506493506494,NA
"unpitying",0.741666666666667,NA
"unpleasable",0.828947368421053,NA
"unpliable",0.468354430379747,NA
"unpoised",0.784810126582278,NA
"unpolished",0.833333333333333,-0.251
"unpolite",0.759036144578313,NA
"unpolitical",0.88235294117647,NA
"unpopular",0.885245901639344,-0.152
"unpreaching",0.358024691358025,NA
"unpredictable",0.928571428571429,-0.123
"unpresuming",0.55,NA
"unpretending",0.5375,-0.248
"unpretentious",0.777777777777778,-0.244
"unprincipled",0.752941176470588,-0.228
"unproductive",0.939759036144578,-0.206
"unprofessional",0.879518072289157,-0.244
"unprogressive",0.904761904761905,NA
"unprovincial",0.358024691358025,NA
"unpunctual",0.961038961038961,NA
"unpurposed",0.837209302325581,NA
"unquestioning",0.807228915662651,-0.24
"unrealistic",0.853932584269663,-0.166
"unreasonable",0.761363636363636,-0.015
"unreasoning",0.817073170731707,-0.24
"unreceptive",0.873417721518987,NA
"unrefined",0.862068965517241,-0.252
"unreflective",0.583333333333333,-0.255
"unregulated",0.913978494623656,-0.226
"unreined",0.83695652173913,NA
"unrelaxing",0.766233766233766,NA
"unrelenting",0.581196581196581,-0.216
"unreliable",0.986301369863014,-0.16
"unreligious",0.75,NA
"unremitting",0.683544303797468,-0.228
"unrepressible",0.858974358974359,NA
"unreproachful",0.468354430379747,NA
"unreserved",0.768115942028985,-0.244
"unrespectful",0.649350649350649,NA
"unresponsive",0.766233766233766,-0.225
"unresting",0.758620689655172,NA
"unrestrainable",0.712765957446808,NA
"unrestrained",0.959459459459459,-0.206
"unrevealing",0.76,NA
"unrevengeful",0.415584415584416,NA
"unromantic",0.872549019607843,-0.254
"unrude",0.12987012987013,NA
"unruly",0.558823529411765,-0.191
"unsaintly",0.828947368421053,NA
"unsanitary",0.953125,-0.249
"unsatisfiable",0.869565217391304,NA
"unsavory",0.847058823529412,-0.244
"unscholarly",0.931506849315068,NA
"unschooled",0.927083333333333,NA
"unscientific",0.948979591836735,-0.234
"unscornful",0.602739726027397,NA
"unscrupulous",0.813186813186813,-0.182
"unsearching",0.376623376623377,NA
"unselfconscious",0.72463768115942,NA
"unselfish",0.911392405063291,-0.192
"unsensual",0.824742268041237,NA
"unsentimental",0.852272727272727,NA
"unsettled",0.726190476190476,-0.163
"unsevere",0.708333333333333,NA
"unsexual",0.739130434782609,NA
"unshakable",0.5875,-0.248
"unshrinking",0.471428571428571,NA
"unshy",0.333333333333333,NA
"unskeptical",0.391304347826087,NA
"unsly",0.36144578313253,NA
"unsmiling",0.472972972972973,-0.253
"unsociable",0.844155844155844,NA
"unsocial",0.746666666666667,-0.253
"unsolemn",0.291139240506329,NA
"unsolicitous",0.294117647058824,NA
"unsophisticated",0.795180722891566,-0.227
"unsparing",0.635294117647059,-0.246
"unsparkling",0.375,NA
"unspeaking",0.802325581395349,NA
"unspiritual",0.56140350877193,NA
"unspontaneous",0.666666666666667,NA
"unsportsmanlike",0.558139534883721,NA
"unstable",0.884615384615385,-0.009
"unsteadfast",0.522388059701492,NA
"unsteady",0.68141592920354,-0.2
"unstirrable",0.679012345679012,NA
"unstormy",0.454545454545455,NA
"unstudied",0.838709677419355,-0.254
"unstudious",0.445652173913043,NA
"unsubduable",0.826530612244898,NA
"unsubmissive",0.755555555555556,NA
"unsullied",0.8,-0.243
"unsunny",0.65625,NA
"unsure",0.936708860759494,-0.157
"unsuspecting",0.8875,-0.205
"unsuspicious",0.462686567164179,-0.251
"unswayable",0.946236559139785,NA
"unswerving",0.717171717171717,-0.245
"unsympathetic",0.918367346938776,-0.23
"unsystematic",0.633928571428571,-0.251
"untalkative",0.935897435897436,NA
"untamable",0.9375,NA
"untamed",0.905882352941176,-0.239
"untasteful",0.697368421052632,NA
"untaught",0.871287128712871,-0.248
"unteachable",0.91044776119403,NA
"untemptable",0.875,NA
"untender",0.585106382978723,NA
"untheatrical",0.584415584415584,NA
"unthinking",0.705882352941177,-0.235
"unthorough",0.734177215189873,NA
"unthrifty",0.744186046511628,NA
"untidy",0.919191919191919,-0.227
"untiring",0.666666666666667,-0.225
"untoward",0.428571428571429,-0.224
"untrained",0.942307692307692,-0.214
"untransparent",0.506329113924051,NA
"untrustful",0.719512195121951,NA
"untrustworthy",0.802816901408451,-0.236
"untruthful",0.901234567901235,-0.252
"untutored",0.811594202898551,-0.243
"unusual",0.783132530120482,-0.237
"unvacillating",0.397590361445783,NA
"unvain",0.506666666666667,NA
"unvaliant",0.534090909090909,NA
"unvarying",0.807692307692308,-0.238
"unventurous",0.72093023255814,NA
"unversed",0.727272727272727,NA
"unvigilant",0.527472527472527,NA
"unvigorous",0.689655172413793,NA
"unvindictive",0.822916666666667,NA
"unvisioned",0.727272727272727,NA
"unvocal",0.773809523809524,NA
"unvoluptuous",0.876288659793814,NA
"unwarlike",0.476744186046512,NA
"unwary",0.728395061728395,-0.236
"unwasteful",0.858585858585859,NA
"unwatchful",0.843373493975904,NA
"unwavering",0.88235294117647,-0.221
"unwholesome",0.727272727272727,-0.22
"unwild",0.216867469879518,NA
"unwillful",0.324675324675325,NA
"unwilling",0.858823529411765,0.074
"unwily",0.257575757575758,NA
"unwise",0.892857142857143,-0.165
"unwitty",0.702380952380952,NA
"unworldly",0.628205128205128,-0.252
"unyielding",0.82716049382716,-0.222
"unzealous",0.535714285714286,NA
"uplifting",0.956521739130435,-0.217
"upright",0.709677419354839,0.13
"upset",0.848101265822785,0.24
"urbane",0.30379746835443,-0.244
"useful",0.8125,2.462
"usurping",0.753246753246753,-0.244
"utilitarian",0.630952380952381,-0.255
"vacuous",0.554054054054054,-0.248
"vague",0.94047619047619,0.283
"vain",0.89041095890411,0.712
"vainglorious",0.692307692307692,-0.255
"valiant",0.920454545454545,-0.161
"valorous",0.7625,-0.251
"valuable",0.926829268292683,-0.241
"vapid",0.4125,-0.249
"variable",0.869047619047619,-0.117
"vegetative",0.641791044776119,-0.257
"vehement",0.621621621621622,-0.187
"venal",0.135802469135802,-0.244
"vengeful",0.988636363636364,-0.227
"venturesome",0.865853658536585,-0.25
"venturous",0.840425531914894,NA
"verbal",0.934065934065934,-0.195
"verbose",0.837837837837838,-0.249
"versatile",0.942857142857143,-0.193
"vibrant",0.817073170731707,-0.148
"vicious",0.608695652173913,-0.008
"vigilant",0.943820224719101,-0.171
"vigorless",0.686746987951807,NA
"vigorous",0.89010989010989,0.158
"vindictive",0.908045977011494,-0.205
"violent",0.788235294117647,-0.211
"virginal",0.872549019607843,-0.241
"virile",0.397435897435897,-0.23
"virtuous",0.810344827586207,-0.253
"visionary",0.986301369863014,-0.146
"vital",0.583333333333333,0.687
"vitriolic",0.517647058823529,-0.253
"vituperative",0.285714285714286,-0.256
"vivacious",0.842105263157895,-0.231
"vivid",0.858974358974359,0.117
"vocal",0.791666666666667,0.045
"vociferous",0.632911392405063,-0.239
"volatile",0.96,-0.071
"volcanic",0.732558139534884,-0.248
"voluptuous",0.888888888888889,-0.224
"vulgar",0.755813953488372,-0.254
"vulnerable",0.91025641025641,-0.247
"waggish",0.225806451612903,NA
"warlike",0.507042253521127,-0.145
"warm",0.683544303797468,-0.188
"warm-hearted",0.951219512195122,NA
"warmthless",0.454545454545455,NA
"wary",0.894736842105263,-0.116
"wasteful",0.352272727272727,-0.2
"watchful",0.986301369863014,-0.13
"weak",0.926829268292683,-0.195
"weak-hearted",0.880952380952381,NA
"weak-kneed",0.714285714285714,NA
"weak-minded",0.87,NA
"weak-spirited",0.658536585365854,NA
"wealthy",0.96,0.26
"weariless",0.455696202531646,NA
"weepy",0.827586206896552,NA
"weird",0.892857142857143,-0.024
"well",0.802197802197802,-0.238
"well-adjusted",0.8,NA
"well-bred",0.852941176470588,NA
"well-known",0.847826086956522,NA
"well-liked",0.975609756097561,NA
"well-mannered",0.948453608247423,NA
"well-read",0.961538461538462,NA
"well-spoken",0.933333333333333,NA
"well-to-do",0.823529411764706,NA
"wheedling",0.443181818181818,NA
"whimsical",0.566265060240964,-0.203
"whiny",0.915094339622642,NA
"whorish",0.643478260869565,NA
"wicked",0.941860465116279,0.322
"wide-awake",0.967741935483871,NA
"wifely",0.921348314606742,NA
"wild",0.880597014925373,-0.247
"willful",0.403508771929825,-0.211
"willing",0.926470588235294,1.497
"wily",0.417721518987342,-0.217
"wise",0.842857142857143,1.158
"wishful",0.9,-0.229
"wishy-washy",0.819148936170213,NA
"wistful",0.771739130434783,-0.199
"withdrawing",0.8375,-0.153
"withdrawn",0.738636363636364,0.058
"witless",0.831325301204819,NA
"witty",0.976470588235294,-0.149
"woeful",0.544303797468354,-0.242
"wolfish",0.557377049180328,NA
"womanly",0.942028985507246,-0.206
"wonderful",0.804597701149425,1.257
"wordy",0.916666666666667,-0.246
"world-weary",0.493333333333333,NA
"worldly",0.886075949367089,0.072
"worldly-minded",0.654320987654321,NA
"worldly-wise",0.802469135802469,NA
"worried",0.97979797979798,0.37
"worriless",0.788235294117647,NA
"worrying",0.732394366197183,-0.093
"worshipful",0.873563218390805,-0.245
"worthy",0.615384615384615,-0.239
"wry",0.784615384615385,-0.215
"yammering",0.923076923076923,NA
"yappy",0.76056338028169,NA
"yearning",0.93939393939394,-0.128
"yielding",0.719512195121951,-0.253
"young",0.956521739130435,9.787
"youthful",1,0.034
"zany",0.855263157894737,-0.258
"zealless",0.51219512195122,NA
"zealous",0.768292682926829,-0.259
"zestful",0.777777777777778,NA
